-- MySQL dump 10.13  Distrib 8.0.34, for macos13 (x86_64)
--
-- Host: 127.0.0.1    Database: movie_db
-- ------------------------------------------------------
-- Server version	8.0.34

/*!40101 SET @OLD_CHARACTER_SET_CLIENT=@@CHARACTER_SET_CLIENT */;
/*!40101 SET @OLD_CHARACTER_SET_RESULTS=@@CHARACTER_SET_RESULTS */;
/*!40101 SET @OLD_COLLATION_CONNECTION=@@COLLATION_CONNECTION */;
/*!50503 SET NAMES utf8 */;
/*!40103 SET @OLD_TIME_ZONE=@@TIME_ZONE */;
/*!40103 SET TIME_ZONE='+00:00' */;
/*!40014 SET @OLD_UNIQUE_CHECKS=@@UNIQUE_CHECKS, UNIQUE_CHECKS=0 */;
/*!40014 SET @OLD_FOREIGN_KEY_CHECKS=@@FOREIGN_KEY_CHECKS, FOREIGN_KEY_CHECKS=0 */;
/*!40101 SET @OLD_SQL_MODE=@@SQL_MODE, SQL_MODE='NO_AUTO_VALUE_ON_ZERO' */;
/*!40111 SET @OLD_SQL_NOTES=@@SQL_NOTES, SQL_NOTES=0 */;

--
-- Table structure for table `__EFMigrationsHistory`
--

DROP TABLE IF EXISTS `__EFMigrationsHistory`;
/*!40101 SET @saved_cs_client     = @@character_set_client */;
/*!50503 SET character_set_client = utf8mb4 */;
CREATE TABLE `__EFMigrationsHistory` (
  `MigrationId` varchar(95) COLLATE utf8mb4_unicode_ci NOT NULL,
  `ProductVersion` varchar(32) COLLATE utf8mb4_unicode_ci NOT NULL,
  PRIMARY KEY (`MigrationId`)
) ENGINE=InnoDB DEFAULT CHARSET=utf8mb4 COLLATE=utf8mb4_unicode_ci;
/*!40101 SET character_set_client = @saved_cs_client */;

--
-- Dumping data for table `__EFMigrationsHistory`
--

LOCK TABLES `__EFMigrationsHistory` WRITE;
/*!40000 ALTER TABLE `__EFMigrationsHistory` DISABLE KEYS */;
INSERT INTO `__EFMigrationsHistory` VALUES ('20231010044735_Add_table_User','2.2.6-servicing-10079'),('20231016030347_Add_table_multi','2.2.6-servicing-10079'),('20231016183811_Add_multi_table_v2','2.2.6-servicing-10079'),('20231016214953_Add_colum_release_date','2.2.6-servicing-10079'),('20231023084030_Update_invoice','2.2.6-servicing-10079'),('20231023163623_Add_price_invoice','2.2.6-servicing-10079'),('20231023184159_Add_Price_BookingTimeSettings_and_drop_Room','2.2.6-servicing-10079'),('20231023201010_Add_CustomerPromotion','2.2.6-servicing-10079'),('20231024181128_Alter_promotion','2.2.6-servicing-10079'),('20231024184608_Drop_customer_promotion','2.2.6-servicing-10079'),('20231024185126_Add_created','2.2.6-servicing-10079'),('20231024192421_update_25_10','2.2.6-servicing-10079'),('20231024203908_update_25_10_invoiceDetails','2.2.6-servicing-10079'),('20231026194618_Update_database','2.2.6-servicing-10079'),('20231124191016_UpdatePriceFood','2.2.6-servicing-10079'),('20231124191830_Updatecombo','2.2.6-servicing-10079'),('20231207214304_updateInvoiceDetailsForeignKey','2.2.6-servicing-10079'),('20231211162722_newUpdateMigrateMovieAndPromtion','2.2.6-servicing-10079'),('20231220150114_AddStatusCustomePromotion','2.2.6-servicing-10079'),('20231220161448_EditRenameCustomePromotion','2.2.6-servicing-10079'),('20231220183243_AddMoreInovicePayment','2.2.6-servicing-10079');
/*!40000 ALTER TABLE `__EFMigrationsHistory` ENABLE KEYS */;
UNLOCK TABLES;

--
-- Table structure for table `Actor`
--

DROP TABLE IF EXISTS `Actor`;
/*!40101 SET @saved_cs_client     = @@character_set_client */;
/*!50503 SET character_set_client = utf8mb4 */;
CREATE TABLE `Actor` (
  `Id` bigint NOT NULL AUTO_INCREMENT,
  `CreatedBy` longtext COLLATE utf8mb4_unicode_ci,
  `UpdatedBy` longtext COLLATE utf8mb4_unicode_ci,
  `Updated` datetime(6) DEFAULT NULL,
  `Created` datetime(6) DEFAULT NULL,
  `Status` longtext COLLATE utf8mb4_unicode_ci,
  `Name` longtext COLLATE utf8mb4_unicode_ci,
  PRIMARY KEY (`Id`)
) ENGINE=InnoDB AUTO_INCREMENT=12 DEFAULT CHARSET=utf8mb4 COLLATE=utf8mb4_unicode_ci;
/*!40101 SET character_set_client = @saved_cs_client */;

--
-- Dumping data for table `Actor`
--

LOCK TABLES `Actor` WRITE;
/*!40000 ALTER TABLE `Actor` DISABLE KEYS */;
INSERT INTO `Actor` VALUES (1,'ngoc@gmail.com',NULL,NULL,'2023-10-19 04:54:05.665441','ENABLE','Họa Khang'),(2,'ngoc@gmail.com',NULL,NULL,'2023-10-19 04:54:19.305928','ENABLE','Hứa Vĩ Văn'),(3,'ngoc@gmail.com',NULL,NULL,'2023-10-19 04:54:37.065279','ENABLE','Trấn Thành'),(4,'ngoc@gmail.com',NULL,NULL,'2023-11-28 20:47:49.195802','ENABLE','Xolo Mariduena'),(5,'ngoc@gmail.com',NULL,NULL,'2023-11-28 20:48:02.058145','ENABLE','Susan Sarandon'),(6,'ngoc@gmail.com',NULL,NULL,'2023-11-28 20:48:16.259724','ENABLE','Belissa Escobedo'),(7,'ngoc@gmail.com',NULL,NULL,'2023-11-28 20:48:24.919254','ENABLE','Elpidia Carrillo'),(8,'ngoc@gmail.com',NULL,NULL,'2023-12-07 01:33:19.924757','ENABLE','Thầy giáo ba');
/*!40000 ALTER TABLE `Actor` ENABLE KEYS */;
UNLOCK TABLES;

--
-- Table structure for table `Cinema`
--

DROP TABLE IF EXISTS `Cinema`;
/*!40101 SET @saved_cs_client     = @@character_set_client */;
/*!50503 SET character_set_client = utf8mb4 */;
CREATE TABLE `Cinema` (
  `Id` bigint NOT NULL AUTO_INCREMENT,
  `CreatedBy` longtext COLLATE utf8mb4_unicode_ci,
  `UpdatedBy` longtext COLLATE utf8mb4_unicode_ci,
  `Updated` datetime(6) DEFAULT NULL,
  `Created` datetime(6) DEFAULT NULL,
  `Status` longtext COLLATE utf8mb4_unicode_ci,
  `Name` longtext COLLATE utf8mb4_unicode_ci,
  PRIMARY KEY (`Id`)
) ENGINE=InnoDB AUTO_INCREMENT=8 DEFAULT CHARSET=utf8mb4 COLLATE=utf8mb4_unicode_ci;
/*!40101 SET character_set_client = @saved_cs_client */;

--
-- Dumping data for table `Cinema`
--

LOCK TABLES `Cinema` WRITE;
/*!40000 ALTER TABLE `Cinema` DISABLE KEYS */;
INSERT INTO `Cinema` VALUES (2,'admin1@gmail.com',NULL,NULL,'2023-10-19 04:54:57.924524','ENABLE','Cinema Điện Biên Phủ'),(4,'admin1@gmail.com',NULL,NULL,'2023-12-21 17:54:16.954640','ENABLE','Cinema Quang Trung'),(5,'admin1@gmail.com','admin1@gmail.com','2023-12-22 00:10:46.728573','2023-12-21 17:54:27.440973','DELETED','Cinema Nguyễn Văn Linh'),(6,'admin1@gmail.com','admin1@gmail.com','2023-12-22 00:10:48.228888','2023-12-21 17:54:46.342085','DELETED','Cinema Lê Duẫn'),(7,'admin1@gmail.com','admin1@gmail.com','2023-12-22 00:10:48.948215','2023-12-21 17:57:10.162102','DELETED','Cinema Hòa Khánh');
/*!40000 ALTER TABLE `Cinema` ENABLE KEYS */;
UNLOCK TABLES;

--
-- Table structure for table `Combo`
--

DROP TABLE IF EXISTS `Combo`;
/*!40101 SET @saved_cs_client     = @@character_set_client */;
/*!50503 SET character_set_client = utf8mb4 */;
CREATE TABLE `Combo` (
  `Id` bigint NOT NULL AUTO_INCREMENT,
  `CreatedBy` longtext COLLATE utf8mb4_unicode_ci,
  `Created` datetime(6) DEFAULT NULL,
  `Status` varchar(255) COLLATE utf8mb4_unicode_ci DEFAULT 'ENABLE',
  `Updated` datetime(6) DEFAULT NULL,
  `UpdatedBy` varchar(255) COLLATE utf8mb4_unicode_ci DEFAULT NULL,
  `ComboFoodId` bigint NOT NULL,
  `FoodId` bigint NOT NULL,
  PRIMARY KEY (`Id`),
  KEY `FK_Combo_Food_FoodId` (`FoodId`),
  KEY `FK_Combo_ComboFood_ComboFoodId` (`ComboFoodId`),
  CONSTRAINT `FK_Combo_ComboFood_ComboFoodId` FOREIGN KEY (`ComboFoodId`) REFERENCES `Combo` (`Id`) ON DELETE CASCADE,
  CONSTRAINT `FK_Combo_Food_FoodId` FOREIGN KEY (`FoodId`) REFERENCES `Food` (`Id`) ON DELETE CASCADE
) ENGINE=InnoDB AUTO_INCREMENT=21 DEFAULT CHARSET=utf8mb4 COLLATE=utf8mb4_unicode_ci;
/*!40101 SET character_set_client = @saved_cs_client */;

--
-- Dumping data for table `Combo`
--

LOCK TABLES `Combo` WRITE;
/*!40000 ALTER TABLE `Combo` DISABLE KEYS */;
INSERT INTO `Combo` VALUES (1,'ngoc@gmail.com','2023-11-25 03:49:17.242391','ENABLE',NULL,NULL,1,1),(2,'ngoc@gmail.com','2023-11-25 03:49:17.242432','ENABLE',NULL,NULL,1,2),(3,'ngoc@gmail.com','2023-11-27 23:06:16.953433','ENABLE',NULL,NULL,2,1),(4,'ngoc@gmail.com','2023-11-27 23:06:16.953484','ENABLE',NULL,NULL,2,2),(7,'ngoc@gmail.com','2023-12-07 08:13:03.210870','ENABLE',NULL,NULL,4,3),(8,'ngoc@gmail.com','2023-12-07 08:13:03.210835','ENABLE',NULL,NULL,4,1),(9,'ngoc@gmail.com','2023-12-07 08:13:03.210872','ENABLE',NULL,NULL,4,2),(18,'ngoc@gmail.com','2023-12-07 10:09:49.255494','ENABLE',NULL,NULL,3,2),(19,'ngoc@gmail.com','2023-12-07 10:09:49.255493','ENABLE',NULL,NULL,3,3),(20,'ngoc@gmail.com','2023-12-07 10:09:49.255482','ENABLE',NULL,NULL,3,1);
/*!40000 ALTER TABLE `Combo` ENABLE KEYS */;
UNLOCK TABLES;

--
-- Table structure for table `ComboFood`
--

DROP TABLE IF EXISTS `ComboFood`;
/*!40101 SET @saved_cs_client     = @@character_set_client */;
/*!50503 SET character_set_client = utf8mb4 */;
CREATE TABLE `ComboFood` (
  `Id` bigint NOT NULL AUTO_INCREMENT,
  `CreatedBy` longtext COLLATE utf8mb4_unicode_ci,
  `UpdatedBy` longtext COLLATE utf8mb4_unicode_ci,
  `Updated` datetime(6) DEFAULT NULL,
  `Created` datetime(6) DEFAULT NULL,
  `Status` longtext COLLATE utf8mb4_unicode_ci,
  `Name` longtext COLLATE utf8mb4_unicode_ci,
  `Price` decimal(65,30) NOT NULL,
  PRIMARY KEY (`Id`)
) ENGINE=InnoDB AUTO_INCREMENT=6 DEFAULT CHARSET=utf8mb4 COLLATE=utf8mb4_unicode_ci;
/*!40101 SET character_set_client = @saved_cs_client */;

--
-- Dumping data for table `ComboFood`
--

LOCK TABLES `ComboFood` WRITE;
/*!40000 ALTER TABLE `ComboFood` DISABLE KEYS */;
INSERT INTO `ComboFood` VALUES (1,'ngoc@gmail.com',NULL,NULL,'2023-11-25 03:49:17.122340','ENABLE','Combo Giáng sinh',340000.000000000000000000000000000000),(2,'ngoc@gmail.com',NULL,NULL,'2023-11-27 23:06:14.721933','ENABLE','Combo tết',340000.000000000000000000000000000000),(3,'ngoc@gmail.com',NULL,NULL,'2023-12-07 10:09:49.248605','ENABLE','Combo giáng sinh',159000.000000000000000000000000000000),(4,'ngoc@gmail.com',NULL,NULL,'2023-12-07 08:13:03.074640','ENABLE','Combo giáng sinh',149000.000000000000000000000000000000);
/*!40000 ALTER TABLE `ComboFood` ENABLE KEYS */;
UNLOCK TABLES;

--
-- Table structure for table `Customer`
--

DROP TABLE IF EXISTS `Customer`;
/*!40101 SET @saved_cs_client     = @@character_set_client */;
/*!50503 SET character_set_client = utf8mb4 */;
CREATE TABLE `Customer` (
  `Id` bigint NOT NULL AUTO_INCREMENT,
  `CreatedBy` longtext COLLATE utf8mb4_unicode_ci,
  `UpdatedBy` longtext COLLATE utf8mb4_unicode_ci,
  `Updated` datetime(6) DEFAULT NULL,
  `Created` datetime(6) DEFAULT NULL,
  `Status` longtext COLLATE utf8mb4_unicode_ci,
  `Address` longtext COLLATE utf8mb4_unicode_ci,
  `Email` longtext COLLATE utf8mb4_unicode_ci,
  `Mobile` varchar(255) COLLATE utf8mb4_unicode_ci NOT NULL,
  `Name` longtext COLLATE utf8mb4_unicode_ci,
  `Note` longtext COLLATE utf8mb4_unicode_ci,
  `Sex` longtext COLLATE utf8mb4_unicode_ci,
  `Code` longtext COLLATE utf8mb4_unicode_ci,
  `CurrentLoyaltyPoint` bigint NOT NULL,
  `PasswordHash` longtext COLLATE utf8mb4_unicode_ci,
  PRIMARY KEY (`Id`),
  UNIQUE KEY `customer_phone_unique` (`Mobile`)
) ENGINE=InnoDB AUTO_INCREMENT=18 DEFAULT CHARSET=utf8mb4 COLLATE=utf8mb4_unicode_ci;
/*!40101 SET character_set_client = @saved_cs_client */;

--
-- Dumping data for table `Customer`
--

LOCK TABLES `Customer` WRITE;
/*!40000 ALTER TABLE `Customer` DISABLE KEYS */;
INSERT INTO `Customer` VALUES (16,'ngocnm@easysalon.vn',NULL,NULL,'2023-12-21 20:48:19.196632','ENABLE',NULL,'ngocnm@easysalon.vn','ngocnm@easysalon.vn','ngocnguyen',NULL,NULL,NULL,0,'$2a$10$t6EtpQDyu/h.Tv/ulWYUCuKqE/JVBnMg.wkO3DsQ/FXUJyaY2dF4O'),(17,'huy@gmail.com',NULL,NULL,'2023-12-22 09:17:31.099885','ENABLE',NULL,'huy@gmail.com','huy@gmail.com','HuyNGuyễn',NULL,NULL,NULL,0,'$2a$10$5rCO.7FFYu.x.JgzPF3dAupbKOpDS3ghUrPBk5LZHF1NsKxCSjGl2');
/*!40000 ALTER TABLE `Customer` ENABLE KEYS */;
UNLOCK TABLES;

--
-- Table structure for table `CustomerPromotion`
--

DROP TABLE IF EXISTS `CustomerPromotion`;
/*!40101 SET @saved_cs_client     = @@character_set_client */;
/*!50503 SET character_set_client = utf8mb4 */;
CREATE TABLE `CustomerPromotion` (
  `Id` bigint NOT NULL AUTO_INCREMENT,
  `CreatedBy` longtext COLLATE utf8mb4_unicode_ci,
  `UpdatedBy` longtext COLLATE utf8mb4_unicode_ci,
  `Updated` datetime(6) DEFAULT NULL,
  `Created` datetime(6) DEFAULT NULL,
  `PromotionId` bigint NOT NULL,
  `CustomerId` bigint NOT NULL,
  `Status` longtext COLLATE utf8mb4_unicode_ci NOT NULL,
  PRIMARY KEY (`Id`),
  KEY `FK_CustomerPromotion_Customer_customerId` (`CustomerId`),
  KEY `FK_CustomerPromotion_Promotion_promotionId` (`PromotionId`),
  CONSTRAINT `FK_CustomerPromotion_Customer_customerId` FOREIGN KEY (`CustomerId`) REFERENCES `Customer` (`Id`) ON DELETE CASCADE,
  CONSTRAINT `FK_CustomerPromotion_Promotion_promotionId` FOREIGN KEY (`PromotionId`) REFERENCES `Promotion` (`Id`) ON DELETE CASCADE
) ENGINE=InnoDB AUTO_INCREMENT=13 DEFAULT CHARSET=utf8mb4 COLLATE=utf8mb4_unicode_ci;
/*!40101 SET character_set_client = @saved_cs_client */;

--
-- Dumping data for table `CustomerPromotion`
--

LOCK TABLES `CustomerPromotion` WRITE;
/*!40000 ALTER TABLE `CustomerPromotion` DISABLE KEYS */;
/*!40000 ALTER TABLE `CustomerPromotion` ENABLE KEYS */;
UNLOCK TABLES;

--
-- Table structure for table `Director`
--

DROP TABLE IF EXISTS `Director`;
/*!40101 SET @saved_cs_client     = @@character_set_client */;
/*!50503 SET character_set_client = utf8mb4 */;
CREATE TABLE `Director` (
  `Id` bigint NOT NULL AUTO_INCREMENT,
  `CreatedBy` longtext COLLATE utf8mb4_unicode_ci,
  `UpdatedBy` longtext COLLATE utf8mb4_unicode_ci,
  `Updated` datetime(6) DEFAULT NULL,
  `Created` datetime(6) DEFAULT NULL,
  `Status` longtext COLLATE utf8mb4_unicode_ci,
  `Name` longtext COLLATE utf8mb4_unicode_ci,
  PRIMARY KEY (`Id`)
) ENGINE=InnoDB AUTO_INCREMENT=5 DEFAULT CHARSET=utf8mb4 COLLATE=utf8mb4_unicode_ci;
/*!40101 SET character_set_client = @saved_cs_client */;

--
-- Dumping data for table `Director`
--

LOCK TABLES `Director` WRITE;
/*!40000 ALTER TABLE `Director` DISABLE KEYS */;
INSERT INTO `Director` VALUES (1,'ngoc@gmail.com',NULL,NULL,'2023-10-19 04:53:20.800223','ENABLE','Galaxy Play'),(2,'ngoc@gmail.com',NULL,NULL,'2023-10-19 04:53:33.167141','ENABLE','Hk Film'),(3,'ngoc@gmail.com',NULL,NULL,'2023-10-19 04:53:44.280379','ENABLE','Trấn Thành Town'),(4,NULL,'ngoc@gmail.com','2023-12-07 10:22:17.396170',NULL,NULL,'Galaxy Play');
/*!40000 ALTER TABLE `Director` ENABLE KEYS */;
UNLOCK TABLES;

--
-- Table structure for table `Food`
--

DROP TABLE IF EXISTS `Food`;
/*!40101 SET @saved_cs_client     = @@character_set_client */;
/*!50503 SET character_set_client = utf8mb4 */;
CREATE TABLE `Food` (
  `Id` bigint NOT NULL AUTO_INCREMENT,
  `CreatedBy` longtext COLLATE utf8mb4_unicode_ci,
  `UpdatedBy` longtext COLLATE utf8mb4_unicode_ci,
  `Updated` datetime(6) DEFAULT NULL,
  `Created` datetime(6) DEFAULT NULL,
  `Status` longtext COLLATE utf8mb4_unicode_ci,
  `Name` longtext COLLATE utf8mb4_unicode_ci,
  `Price` decimal(65,30) NOT NULL,
  PRIMARY KEY (`Id`)
) ENGINE=InnoDB AUTO_INCREMENT=6 DEFAULT CHARSET=utf8mb4 COLLATE=utf8mb4_unicode_ci;
/*!40101 SET character_set_client = @saved_cs_client */;

--
-- Dumping data for table `Food`
--

LOCK TABLES `Food` WRITE;
/*!40000 ALTER TABLE `Food` DISABLE KEYS */;
INSERT INTO `Food` VALUES (1,'ngoc@gmail.com','ngoc@gmail.com','2023-12-07 10:21:55.545477','2023-11-25 02:12:38.112857','ENABLE','Coca cola',34000.000000000000000000000000000000),(2,'ngoc@gmail.com',NULL,NULL,'2023-11-25 02:13:09.960382','ENABLE','Khoai tây chiên 200gram',30000.000000000000000000000000000000),(3,'ngoc@gmail.com',NULL,NULL,'2023-11-25 02:13:27.831520','ENABLE','Bơ đa vị 200gram',30000.000000000000000000000000000000),(4,'ngoc@gmail.com',NULL,NULL,'2023-12-07 10:14:40.964801','ENABLE','mì tôm thanh long',45000.000000000000000000000000000000),(5,'ngoc@gmail.com',NULL,NULL,'2023-12-07 10:16:10.759379','ENABLE','Pepsi',25000.000000000000000000000000000000);
/*!40000 ALTER TABLE `Food` ENABLE KEYS */;
UNLOCK TABLES;

--
-- Table structure for table `Genre`
--

DROP TABLE IF EXISTS `Genre`;
/*!40101 SET @saved_cs_client     = @@character_set_client */;
/*!50503 SET character_set_client = utf8mb4 */;
CREATE TABLE `Genre` (
  `Id` bigint NOT NULL AUTO_INCREMENT,
  `CreatedBy` longtext COLLATE utf8mb4_unicode_ci,
  `UpdatedBy` longtext COLLATE utf8mb4_unicode_ci,
  `Updated` datetime(6) DEFAULT NULL,
  `Created` datetime(6) DEFAULT NULL,
  `Status` longtext COLLATE utf8mb4_unicode_ci,
  `Name` longtext COLLATE utf8mb4_unicode_ci,
  PRIMARY KEY (`Id`)
) ENGINE=InnoDB AUTO_INCREMENT=13 DEFAULT CHARSET=utf8mb4 COLLATE=utf8mb4_unicode_ci;
/*!40101 SET character_set_client = @saved_cs_client */;

--
-- Dumping data for table `Genre`
--

LOCK TABLES `Genre` WRITE;
/*!40000 ALTER TABLE `Genre` DISABLE KEYS */;
INSERT INTO `Genre` VALUES (1,'ngoc@gmail.com',NULL,NULL,'2023-10-19 04:53:53.102800','ENABLE','Phiêu lưu'),(2,'ngoc@gmail.com',NULL,NULL,'2023-10-19 04:54:00.356605','ENABLE','Hành Động'),(3,'ngoc@gmail.com',NULL,NULL,'2023-11-28 15:24:06.960085','ENABLE','Drama'),(4,'ngoc@gmail.com',NULL,NULL,'2023-11-28 15:24:47.071762','ENABLE','Khoa học viễn tưởng'),(5,'ngoc@gmail.com',NULL,NULL,'2023-11-28 15:25:15.661354','ENABLE','Tội phạm'),(6,'ngoc@gmail.com',NULL,NULL,'2023-11-28 15:26:58.086297','ENABLE','Phiêu lưu'),(7,'ngoc@gmail.com',NULL,NULL,'2023-11-28 20:57:03.663813','ENABLE','Kinh dị'),(8,'ngoc@gmail.com',NULL,NULL,'2023-11-28 20:57:32.622179','ENABLE','Giật gân'),(9,'ngoc@gmail.com',NULL,NULL,'2023-11-28 22:15:58.285687','ENABLE','Family'),(10,'ngoc@gmail.com',NULL,NULL,'2023-11-28 22:16:04.147049','ENABLE','Music'),(11,'ngoc@gmail.com',NULL,NULL,'2023-11-28 22:16:26.233221','ENABLE','Hoạt hình'),(12,'ngoc@gmail.com',NULL,NULL,'2023-12-08 21:09:03.857677','ENABLE','Tâm lý tình cảm');
/*!40000 ALTER TABLE `Genre` ENABLE KEYS */;
UNLOCK TABLES;

--
-- Table structure for table `Invoice`
--

DROP TABLE IF EXISTS `Invoice`;
/*!40101 SET @saved_cs_client     = @@character_set_client */;
/*!50503 SET character_set_client = utf8mb4 */;
CREATE TABLE `Invoice` (
  `Id` bigint NOT NULL AUTO_INCREMENT,
  `CreatedBy` longtext COLLATE utf8mb4_unicode_ci,
  `UpdatedBy` longtext COLLATE utf8mb4_unicode_ci,
  `Updated` datetime(6) DEFAULT NULL,
  `Created` datetime(6) DEFAULT NULL,
  `Status` varchar(255) COLLATE utf8mb4_unicode_ci DEFAULT 'ENABLE',
  `Code` longtext COLLATE utf8mb4_unicode_ci,
  `CustomerId` bigint DEFAULT NULL,
  `DiscountUnit` longtext COLLATE utf8mb4_unicode_ci,
  `DiscountValue` decimal(65,30) NOT NULL,
  `IsDisplay` bit(1) DEFAULT NULL,
  `Note` longtext COLLATE utf8mb4_unicode_ci,
  `Total` decimal(65,30) DEFAULT NULL,
  `NotePayment` longtext COLLATE utf8mb4_unicode_ci,
  `NoteArrangement` longtext COLLATE utf8mb4_unicode_ci,
  `CashBack` decimal(65,30) DEFAULT NULL,
  `TotalDetails` decimal(65,30) NOT NULL,
  `PaymentStatus` longtext COLLATE utf8mb4_unicode_ci,
  `BookingId` bigint DEFAULT NULL,
  `PaidTotal` decimal(65,30) DEFAULT NULL,
  `LoyaltyPoint` bigint DEFAULT NULL,
  `DiscountTotal` decimal(65,30) DEFAULT NULL,
  `Type` longtext COLLATE utf8mb4_unicode_ci,
  `PaidAt` datetime(6) DEFAULT NULL,
  `PromotionId` bigint DEFAULT NULL,
  PRIMARY KEY (`Id`),
  KEY `FK_Invoice_Customer_CustomerId` (`PromotionId`),
  CONSTRAINT `FK_Invoice_Customer_CustomerId` FOREIGN KEY (`PromotionId`) REFERENCES `Customer` (`Id`) ON DELETE CASCADE,
  CONSTRAINT `FK_Invoice_Promotion_PromotionId` FOREIGN KEY (`PromotionId`) REFERENCES `Promotion` (`Id`) ON DELETE CASCADE
) ENGINE=InnoDB AUTO_INCREMENT=112 DEFAULT CHARSET=utf8mb4 COLLATE=utf8mb4_unicode_ci;
/*!40101 SET character_set_client = @saved_cs_client */;

--
-- Dumping data for table `Invoice`
--

LOCK TABLES `Invoice` WRITE;
/*!40000 ALTER TABLE `Invoice` DISABLE KEYS */;
INSERT INTO `Invoice` VALUES (111,'ngocnm@easysalon.vn',NULL,NULL,'2023-12-22 09:11:08.610694','ENABLE','P2GO54EQ',16,'PERCENT',0.000000000000000000000000000000,_binary '','',548000.000000000000000000000000000000,'',NULL,NULL,548000.000000000000000000000000000000,'PAID',NULL,707000.000000000000000000000000000000,NULL,0.000000000000000000000000000000,NULL,'2023-12-22 09:11:08.610595',NULL);
/*!40000 ALTER TABLE `Invoice` ENABLE KEYS */;
UNLOCK TABLES;

--
-- Table structure for table `InvoiceDetails`
--

DROP TABLE IF EXISTS `InvoiceDetails`;
/*!40101 SET @saved_cs_client     = @@character_set_client */;
/*!50503 SET character_set_client = utf8mb4 */;
CREATE TABLE `InvoiceDetails` (
  `Id` bigint NOT NULL AUTO_INCREMENT,
  `CreatedBy` longtext COLLATE utf8mb4_unicode_ci,
  `InvoiceId` bigint DEFAULT NULL,
  `MovieId` bigint DEFAULT NULL,
  `RoomId` bigint DEFAULT NULL,
  `CinemaId` bigint DEFAULT NULL,
  `MovieDateSettingId` bigint DEFAULT NULL,
  `MovieTimeSettingId` bigint DEFAULT NULL,
  `ObjectId` bigint DEFAULT NULL,
  `ObjectName` longtext COLLATE utf8mb4_unicode_ci,
  `ObjectCode` longtext COLLATE utf8mb4_unicode_ci,
  `ObjectPrice` decimal(65,30) NOT NULL,
  `DiscountUnit` longtext COLLATE utf8mb4_unicode_ci,
  `DiscountValue` decimal(65,30) DEFAULT NULL,
  `Total` decimal(65,30) DEFAULT NULL,
  `Quantity` decimal(65,30) DEFAULT NULL,
  `IsPaid` bit(1) DEFAULT NULL,
  `PromotionId` bigint DEFAULT NULL,
  `Updated` datetime(6) DEFAULT NULL,
  `UpdatedBy` varchar(255) COLLATE utf8mb4_unicode_ci DEFAULT NULL,
  `Created` datetime(6) NOT NULL,
  `Status` longtext COLLATE utf8mb4_unicode_ci NOT NULL,
  PRIMARY KEY (`Id`),
  KEY `FK_InvoiceDetails_Invoice_InvoiceId` (`InvoiceId`),
  KEY `FK_InvoicePayment_Movie_MovieId` (`MovieId`),
  KEY `FK_InvoiceDetails_MovieTimeSetting_MovieTimeSettingId` (`MovieTimeSettingId`),
  KEY `FK_InvoiceDetails_MovieDateSetting_MovieDateSettingId` (`MovieDateSettingId`),
  KEY `FK_InvoiceDetails_Rooms_RoomId` (`RoomId`),
  KEY `FK_InvoiceDetails_Cinema_CinemaId` (`CinemaId`),
  CONSTRAINT `FK_InvoiceDetails_Cinema_CinemaId` FOREIGN KEY (`CinemaId`) REFERENCES `Cinema` (`Id`) ON DELETE CASCADE,
  CONSTRAINT `FK_InvoiceDetails_Invoice_InvoiceId` FOREIGN KEY (`InvoiceId`) REFERENCES `Invoice` (`Id`) ON DELETE CASCADE,
  CONSTRAINT `FK_InvoiceDetails_MovieDateSetting_MovieDateSettingId` FOREIGN KEY (`MovieDateSettingId`) REFERENCES `MovieDateSetting` (`Id`) ON DELETE CASCADE,
  CONSTRAINT `FK_InvoiceDetails_MovieTimeSetting_MovieTimeSettingId` FOREIGN KEY (`MovieTimeSettingId`) REFERENCES `MovieTimeSetting` (`Id`) ON DELETE CASCADE,
  CONSTRAINT `FK_InvoiceDetails_Room_RoomId` FOREIGN KEY (`RoomId`) REFERENCES `Room` (`Id`) ON DELETE CASCADE,
  CONSTRAINT `FK_InvoiceDetails_Rooms_RoomId` FOREIGN KEY (`RoomId`) REFERENCES `Room` (`Id`) ON DELETE CASCADE,
  CONSTRAINT `FK_InvoicePayment_Cinema_CinemaId` FOREIGN KEY (`CinemaId`) REFERENCES `Cinema` (`Id`) ON DELETE CASCADE,
  CONSTRAINT `FK_InvoicePayment_Movie_MovieId` FOREIGN KEY (`MovieId`) REFERENCES `Movie` (`Id`) ON DELETE CASCADE
) ENGINE=InnoDB AUTO_INCREMENT=6 DEFAULT CHARSET=utf8mb4 COLLATE=utf8mb4_unicode_ci;
/*!40101 SET character_set_client = @saved_cs_client */;

--
-- Dumping data for table `InvoiceDetails`
--

LOCK TABLES `InvoiceDetails` WRITE;
/*!40000 ALTER TABLE `InvoiceDetails` DISABLE KEYS */;
INSERT INTO `InvoiceDetails` VALUES (1,'ngocnm@easysalon.vn',111,77,1,2,156,12614,NULL,'SEAT','F7',80000.000000000000000000000000000000,'PERCENT',0.000000000000000000000000000000,80000.000000000000000000000000000000,1.000000000000000000000000000000,NULL,NULL,NULL,NULL,'2023-12-22 09:11:08.509518','ENABLE'),(2,'ngocnm@easysalon.vn',111,77,1,2,156,12614,NULL,'SEAT','F6',80000.000000000000000000000000000000,'PERCENT',0.000000000000000000000000000000,80000.000000000000000000000000000000,1.000000000000000000000000000000,NULL,NULL,NULL,NULL,'2023-12-22 09:11:08.510193','ENABLE'),(3,'ngocnm@easysalon.vn',111,77,1,2,156,12614,NULL,'SEAT','F8',80000.000000000000000000000000000000,'PERCENT',0.000000000000000000000000000000,80000.000000000000000000000000000000,1.000000000000000000000000000000,NULL,NULL,NULL,NULL,'2023-12-22 09:11:08.510207','ENABLE'),(4,'ngocnm@easysalon.vn',111,77,1,2,156,12614,3,'COMBO_FOOD',NULL,159000.000000000000000000000000000000,'PERCENT',0.000000000000000000000000000000,159000.000000000000000000000000000000,1.000000000000000000000000000000,NULL,NULL,NULL,NULL,'2023-12-22 09:11:08.510209','ENABLE'),(5,'ngocnm@easysalon.vn',111,77,1,2,156,12614,4,'COMBO_FOOD',NULL,149000.000000000000000000000000000000,'PERCENT',0.000000000000000000000000000000,149000.000000000000000000000000000000,1.000000000000000000000000000000,NULL,NULL,NULL,NULL,'2023-12-22 09:11:08.510210','ENABLE');
/*!40000 ALTER TABLE `InvoiceDetails` ENABLE KEYS */;
UNLOCK TABLES;

--
-- Table structure for table `InvoicePayment`
--

DROP TABLE IF EXISTS `InvoicePayment`;
/*!40101 SET @saved_cs_client     = @@character_set_client */;
/*!50503 SET character_set_client = utf8mb4 */;
CREATE TABLE `InvoicePayment` (
  `Id` bigint NOT NULL AUTO_INCREMENT,
  `CreatedBy` longtext COLLATE utf8mb4_unicode_ci,
  `UpdatedBy` longtext COLLATE utf8mb4_unicode_ci,
  `Updated` datetime(6) DEFAULT NULL,
  `Created` datetime(6) DEFAULT NULL,
  `Status` longtext COLLATE utf8mb4_unicode_ci,
  `InvoiceId` bigint NOT NULL,
  `InvoiceMethodId` bigint NOT NULL,
  `Total` decimal(65,30) DEFAULT NULL,
  `NameAtm` longtext COLLATE utf8mb4_unicode_ci,
  `NumberAtm` longtext COLLATE utf8mb4_unicode_ci,
  `NameShortCutAtm` longtext COLLATE utf8mb4_unicode_ci,
  `NotePayment` longtext COLLATE utf8mb4_unicode_ci,
  PRIMARY KEY (`Id`),
  KEY `IX_InvoicePayment_InvoiceMethodId` (`InvoiceMethodId`),
  CONSTRAINT `FK_InvoicePayment_PaymentMethod_InvoiceMethodId` FOREIGN KEY (`InvoiceMethodId`) REFERENCES `PaymentMethod` (`Id`) ON DELETE CASCADE
) ENGINE=InnoDB AUTO_INCREMENT=2 DEFAULT CHARSET=utf8mb4 COLLATE=utf8mb4_unicode_ci;
/*!40101 SET character_set_client = @saved_cs_client */;

--
-- Dumping data for table `InvoicePayment`
--

LOCK TABLES `InvoicePayment` WRITE;
/*!40000 ALTER TABLE `InvoicePayment` DISABLE KEYS */;
INSERT INTO `InvoicePayment` VALUES (1,'ngocnm@easysalon.vn',NULL,NULL,'2023-12-22 09:11:08.812613',NULL,111,2,707000.000000000000000000000000000000,'TPBANK','TPBANK','NGUYEN MINH HUY','');
/*!40000 ALTER TABLE `InvoicePayment` ENABLE KEYS */;
UNLOCK TABLES;

--
-- Table structure for table `Movie`
--

DROP TABLE IF EXISTS `Movie`;
/*!40101 SET @saved_cs_client     = @@character_set_client */;
/*!50503 SET character_set_client = utf8mb4 */;
CREATE TABLE `Movie` (
  `Id` bigint NOT NULL AUTO_INCREMENT,
  `CreatedBy` longtext COLLATE utf8mb4_unicode_ci,
  `UpdatedBy` longtext COLLATE utf8mb4_unicode_ci,
  `Updated` datetime(6) DEFAULT NULL,
  `Created` datetime(6) DEFAULT NULL,
  `Status` longtext COLLATE utf8mb4_unicode_ci,
  `Name` longtext COLLATE utf8mb4_unicode_ci,
  `MovieStatus` longtext COLLATE utf8mb4_unicode_ci,
  `YearOfRelease` longtext COLLATE utf8mb4_unicode_ci,
  `Time` longtext COLLATE utf8mb4_unicode_ci,
  `Country` longtext COLLATE utf8mb4_unicode_ci,
  `Rate` decimal(18,2) NOT NULL,
  `Description` longtext COLLATE utf8mb4_unicode_ci,
  `PremiereDate` datetime(6) NOT NULL DEFAULT '0001-01-01 00:00:00.000000',
  `ReleaseDate` datetime(6) NOT NULL DEFAULT '0001-01-01 00:00:00.000000',
  `Overview` longtext COLLATE utf8mb4_unicode_ci NOT NULL,
  `StartDate` datetime(6) NOT NULL DEFAULT '0001-01-01 00:00:00.000000',
  `EndDate` datetime(6) NOT NULL DEFAULT '0001-01-01 00:00:00.000000',
  PRIMARY KEY (`Id`)
) ENGINE=InnoDB AUTO_INCREMENT=88 DEFAULT CHARSET=utf8mb4 COLLATE=utf8mb4_unicode_ci;
/*!40101 SET character_set_client = @saved_cs_client */;

--
-- Dumping data for table `Movie`
--

LOCK TABLES `Movie` WRITE;
/*!40000 ALTER TABLE `Movie` DISABLE KEYS */;
INSERT INTO `Movie` VALUES (59,'ngoc@gmail.com','admin1@gmail.com','2023-12-22 00:12:17.630116','2023-12-21 17:53:43.052254','DELETED','Aquaman and the Lost Kingdom','COMING_SOON','2023','123','Mỹ',4.00,'Black Manta, still driven by the need to avenge his father\'s death and wielding the power of the mythic Black Trident, will stop at nothing to take Aquaman down once and for all. To defeat him, Aquaman must turn to his imprisoned brother Orm, the former King of Atlantis, to forge an unlikely alliance in order to save the world from irreversible destruction.','2023-12-23 10:52:41.163000','2023-12-22 10:52:37.899000','The tide is turning.','2023-12-23 10:39:47.108000','2023-12-30 10:39:49.599000'),(60,'admin1@gmail.com','admin1@gmail.com','2023-12-22 00:12:15.733742','2023-12-21 19:14:06.763683','DELETED','Trolls Band Together','PREMIERING','2023','123','Mỹ',7.00,'When Branch\'s brother, Floyd, is kidnapped for his musical talents by a pair of nefarious pop-star villains, Branch and Poppy embark on a harrowing and emotional journey to reunite the other brothers and rescue Floyd from a fate even worse than pop-culture obscurity.','2023-12-27 12:13:19.392000','2023-12-20 12:13:17.091000','There are some new trolls on the block.','2023-12-19 12:13:36.577000','2023-12-25 12:13:39.078000'),(61,'admin1@gmail.com','admin1@gmail.com','2023-12-22 00:12:12.878962','2023-12-21 19:18:10.588732','DELETED','Godzilla Minus One','PREMIERING','2023','119','Mỹ',6.00,'In postwar Japan, a new terror rises. Will the devastated people be able to survive... let alone fight back?','2023-12-23 12:17:33.999000','2023-12-20 12:17:31.712000','Postwar Japan. From zero to minus.','2023-12-20 12:17:50.399000','2023-12-30 12:17:53.546000'),(62,'admin1@gmail.com','admin1@gmail.com','2023-12-22 00:12:10.322347','2023-12-21 19:21:23.815586','DELETED','Migration','COMING_SOON','2023','123','Mỹ',8.00,'After a migrating duck family alights on their pond with thrilling tales of far-flung places, the Mallard family embarks on a family road trip, via New York City, to tropical Jamaica.','2023-12-22 12:20:47.660000','2023-12-22 12:20:44.752000','Odd ducks welcome.','2023-12-23 12:21:08.706000','2023-12-31 12:21:10.761000'),(63,'admin1@gmail.com','admin1@gmail.com','2023-12-22 00:12:07.914139','2023-12-21 19:25:13.815355','DELETED','Thanksgiving','COMING_SOON','2024','123','Mỹ',9.00,'After a Black Friday riot ends in tragedy, a mysterious Thanksgiving-inspired killer terrorizes Plymouth, Massachusetts - the birthplace of the holiday. Picking off residents one by one, what begins as random revenge killings are soon revealed to be part of a larger, sinister holiday plan.','2023-12-22 12:24:34.531000','2023-12-21 12:24:31.949000','There will be no leftovers.','2023-12-23 12:24:51.209000','2023-12-24 12:24:54.102000'),(64,'admin1@gmail.com','admin1@gmail.com','2023-12-22 00:19:49.429345','2023-12-22 00:19:08.487567','DELETED','ngoc nguyen','COMING_SOON','2024','123','VN',2.00,'123','2023-12-22 17:17:19.662000','2023-12-21 17:17:17.099000','mô tả','2023-12-22 17:17:30.494000','2023-12-25 17:17:32.600000'),(65,'admin1@gmail.com','admin1@gmail.com','2023-12-22 00:59:06.718599','2023-12-22 00:58:30.024986','DELETED','ngoc nguyen','COMING_SOON','2020','123','Mỹ',5.00,'123','2023-12-22 17:58:02.643000','2023-12-22 17:58:07.506000','mô tả','2023-12-22 17:57:06.529000','2023-12-23 17:57:08.864000'),(66,'admin1@gmail.com','admin1@gmail.com','2023-12-22 01:07:03.821040','2023-12-22 01:06:24.895867','DELETED','ngoc nguyen','COMING_SOON','2020','12','VN',1.00,'123','2023-12-22 18:06:02.003000','2023-12-22 18:06:04.039000','mô tả','2023-12-22 18:05:00.157000','2023-12-23 18:05:01.767000'),(67,'admin1@gmail.com','admin1@gmail.com','2023-12-22 01:41:58.175012','2023-12-22 01:41:45.602061','DELETED','ngoc nguyen','COMING_SOON','2020','123','Mỹ',5.00,'123','2023-12-22 18:40:55.029000','2023-12-22 18:40:57.301000','mô tả','2023-12-22 18:40:08.835000','2023-12-23 18:40:11.330000'),(68,'admin1@gmail.com','admin1@gmail.com','2023-12-22 01:51:41.040479','2023-12-22 01:51:04.496407','DELETED','ngoc nguyen','COMING_SOON','2020','123','Mỹ',2.00,'123','2023-12-22 18:50:41.115000','2023-12-22 18:50:43.133000','mô tả','2023-12-22 18:48:16.024000','2023-12-23 18:48:18.405000'),(69,'admin1@gmail.com','admin1@gmail.com','2023-12-22 01:54:04.251093','2023-12-22 01:53:33.856861','DELETED','ngoc nguyen','COMING_SOON','2023','120','Mỹ',2.00,'123','2023-12-22 18:52:50.088000','2023-12-22 18:52:47.809000','mô tả','2023-12-22 18:53:01.199000','2023-12-23 18:53:04.057000'),(70,'admin1@gmail.com','admin1@gmail.com','2023-12-22 03:26:30.259145','2023-12-22 03:24:48.716156','DELETED','ngoc nguyen','COMING_SOON','2023','123','Mỹ',8.00,'123','2023-12-22 20:24:32.601000','2023-12-22 20:24:29.851000','mô tả','2023-12-22 20:23:04.206000','2023-12-23 20:23:06.056000'),(71,'admin1@gmail.com','admin1@gmail.com','2023-12-22 04:31:37.703985','2023-12-22 04:31:16.805127','DELETED','Giới thiệu bạn bè','COMING_SOON','2020','123','Mỹ',2.00,'123','2023-12-22 21:30:48.714000','2023-12-22 21:30:50.464000','mô tả','2023-12-22 21:29:26.587000','2023-12-23 21:29:31.151000'),(72,'admin1@gmail.com','admin1@gmail.com','2023-12-22 04:36:05.621173','2023-12-22 04:35:42.767151','DELETED','ngoc nguyen','COMING_SOON','2020','123','Mỹ',2.00,'123','2023-12-22 21:34:43.725000','2023-12-22 21:34:41.824000','mô tả','2023-12-22 21:31:43.385000','2023-12-22 21:31:45.257000'),(73,'admin1@gmail.com','admin1@gmail.com','2023-12-22 06:36:27.896138','2023-12-22 06:36:01.050431','DELETED','ngoc nguyen','COMING_SOON','2025','123','Mỹ',8.00,'123','2023-12-22 23:35:25.677000','2023-12-22 23:35:22.502000','mô tả','2023-12-22 23:33:36.152000','2023-12-23 23:33:38.128000'),(74,'admin1@gmail.com','admin1@gmail.com','2023-12-22 06:44:52.969627','2023-12-22 06:43:15.877693','DELETED','ngoc nguyen','COMING_SOON','2020','123','Mỹ',2.00,'asd','2023-12-22 23:43:00.690000','2023-12-21 23:42:56.890000','The tide is turning.','2023-12-22 23:40:06.327000','2023-12-23 23:40:08.368000'),(75,'admin1@gmail.com',NULL,NULL,'2023-12-22 07:40:35.878192','ENABLE','Aquaman and the Lost Kingdom','COMING_SOON','2023','123','Mỹ',10.00,'Black Manta, still driven by the need to avenge his father\'s death and wielding the power of the mythic Black Trident, will stop at nothing to take Aquaman down once and for all. To defeat him, Aquaman must turn to his imprisoned brother Orm, the former King of Atlantis, to forge an unlikely alliance in order to save the world from irreversible destruction.','2023-12-23 00:39:52.538000','2023-12-23 00:39:50.439000','The tide is turning.','2023-12-23 00:40:05.040000','2023-12-24 00:40:06.775000'),(76,'admin1@gmail.com',NULL,NULL,'2023-12-22 07:43:30.562461','ENABLE','Godzilla Minus One','COMING_SOON','2023','123','Mỹ',9.00,'In postwar Japan, a new terror rises. Will the devastated people be able to survive... let alone fight back?','2023-12-23 00:42:57.266000','2023-12-23 00:42:55.023000','Postwar Japan. From zero to minus.','2023-12-25 00:43:14.978000','2023-12-26 00:43:16.578000'),(77,'admin1@gmail.com',NULL,NULL,'2023-12-22 07:47:12.920595','ENABLE','Mavka: The Forest Song','COMING_SOON','2025','119','Mỹ',5.00,'Forest soul Mavka faces an impossible choice between her heart and her duty as guardian to the Heart of the Forest, when she falls in love with the talented young human musician Lukas.','2023-12-23 00:46:38.324000','2023-12-23 00:46:36.428000','Forest soul Mavka faces','2023-12-23 00:46:56.847000','2023-12-24 00:46:59.464000'),(78,'admin1@gmail.com',NULL,NULL,'2023-12-22 07:50:24.095295','ENABLE','Wonka','COMING_SOON','2024','123','Mỹ',10.00,'Willy Wonka – chock-full of ideas and determined to change the world one delectable bite at a time – is proof that the best things in life begin with a dream, and if you’re lucky enough to meet Willy Wonka, anything is possible.','2023-12-26 00:49:59.414000','2023-12-24 00:49:51.160000','Every good thing in this world started with a dream.','2023-12-26 00:50:08.307000','2023-12-28 00:50:10.359000'),(79,'admin1@gmail.com',NULL,NULL,'2023-12-22 07:52:54.211027','ENABLE','Freelance','COMING_SOON','2023','123','Mỹ',6.00,'An ex-special forces operative takes a job to provide security for a journalist as she interviews a dictator, but a military coup breaks out in the middle of the interview, they are forced to escape into the jungle where they must survive.','2023-12-24 00:52:26.827000','2023-12-23 00:52:24.603000','Retirement didn\'t suit him.','2023-12-25 00:52:39.280000','2023-12-29 00:52:41.145000'),(80,'admin1@gmail.com',NULL,NULL,'2023-12-22 07:55:36.280096','ENABLE','Five Nights at Freddy\'s','COMING_SOON','2024','123','Mỹ',10.00,'Recently fired and desperate for work, a troubled young man named Mike agrees to take a position as a night security guard at an abandoned theme restaurant: Freddy Fazbear\'s Pizzeria. But he soon discovers that nothing at Freddy\'s is what it seems.','2023-12-29 00:55:03.889000','2023-12-28 00:55:01.693000','Can you survive five nights?','2024-01-01 00:55:15.350000','2024-01-05 00:55:17.183000'),(81,'admin1@gmail.com',NULL,NULL,'2023-12-22 07:58:37.370743','ENABLE','Trolls Band Together','COMING_SOON','2023','123','Mỹ',10.00,'When Branch\'s brother, Floyd, is kidnapped for his musical talents by a pair of nefarious pop-star villains, Branch and Poppy embark on a harrowing and emotional journey to reunite the other brothers and rescue Floyd from a fate even worse than pop-culture obscurity','2023-12-30 00:58:10.524000','2023-12-30 00:58:08.159000','There are some new trolls on the block.','2023-12-29 00:58:24.577000','2023-12-30 00:58:26.447000'),(82,'admin1@gmail.com',NULL,NULL,'2023-12-22 08:01:37.580034','ENABLE','Chicken Run: Dawn of the Nugget','COMING_SOON','2023','123','Mỹ',7.00,'A band of fearless chickens flock together to save poultry-kind from an unsettling new threat: a nearby farm that\'s cooking up something suspicious.','2023-12-23 01:01:01.474000','2023-12-23 01:00:59.312000','This time, they\'re breaking in!','2023-12-30 01:01:16.216000','2023-12-31 01:01:19.691000'),(83,'admin1@gmail.com',NULL,NULL,'2023-12-22 08:05:31.836951','ENABLE','Silent Night','COMING_SOON','2024','120','Mỹ',10.00,'A tormented father witnesses his young son die when caught in a gang\'s crossfire on Christmas Eve. While recovering from a wound that costs him his voice, he makes vengeance his life\'s mission and embarks on a punishing training regimen in order to avenge his son\'s death.','2024-01-06 01:05:09.002000','2024-01-06 01:05:06.748000','Action speaks louder than words.','2024-01-06 01:05:11.896000','2024-01-06 01:05:13.978000'),(84,'admin1@gmail.com',NULL,NULL,'2023-12-22 08:09:03.615059','ENABLE','Good Boy','COMING_SOON','2023','123','Mỹ',7.00,'Christian - a millionaire heir, meets Sigrid - a young student, on a dating app. They hit it off quickly, but there\'s only one problem: Christian lives with Frank, a man who dresses up and constantly acts like a dog.','2024-01-04 01:08:33.300000','2024-01-04 01:08:30.598000','Simply put, he\'s a dog.','2024-01-05 01:08:47.271000','2024-01-06 01:08:49.166000'),(85,'admin1@gmail.com',NULL,NULL,'2023-12-22 08:11:59.752401','ENABLE','Spider-Man: No Way Home','EXPIRED','2023','118','Mỹ',10.00,'Peter Parker is unmasked and no longer able to separate his normal life from the high-stakes of being a super-hero. When he asks for help from Doctor Strange the stakes become even more dangerous, forcing him to discover what it truly means to be Spider-Man.','2023-12-06 01:11:25.300000','2023-12-06 01:11:21.341000','The Multiverse unleashed.','2023-12-06 01:11:50.150000','2023-12-06 01:11:52.841000'),(86,'admin1@gmail.com',NULL,NULL,'2023-12-22 08:35:27.989064','ENABLE','The Family Plan','EXPIRED','2023','7','Mỹ',10.00,'Dan Morgan is many things: a devoted husband, a loving father, a celebrated car salesman. He\'s also a former assassin. And when his past catches up to his present, he\'s forced to take his unsuspecting family on a road trip unlike any other.','2023-12-05 01:34:18.249000','2023-12-04 01:34:14.632000','Dan Morgan is many things','2023-12-05 01:34:34.608000','2023-12-06 01:34:37.514000'),(87,'admin1@gmail.com',NULL,NULL,'2023-12-22 08:38:35.887872','ENABLE','The Immortal Wars: Rebirth','EXPIRED','2021','123','Mỹ',3.00,'Rebirth takes place during the early brutal stages of Dominion Industries. In this story watch Olive and other deviants undergo a series of deadly experiments lead by Laurie Harvey and her team.','2023-11-27 01:37:55.244000','2023-11-27 01:37:53.182000','Every battle has two sides','2023-11-29 01:38:09.415000','2023-11-30 01:38:11.179000');
/*!40000 ALTER TABLE `Movie` ENABLE KEYS */;
UNLOCK TABLES;

--
-- Table structure for table `MovieActors`
--

DROP TABLE IF EXISTS `MovieActors`;
/*!40101 SET @saved_cs_client     = @@character_set_client */;
/*!50503 SET character_set_client = utf8mb4 */;
CREATE TABLE `MovieActors` (
  `Id` bigint NOT NULL AUTO_INCREMENT,
  `CreatedBy` longtext COLLATE utf8mb4_unicode_ci,
  `UpdatedBy` longtext COLLATE utf8mb4_unicode_ci,
  `Updated` datetime(6) DEFAULT NULL,
  `Created` datetime(6) DEFAULT NULL,
  `Status` longtext COLLATE utf8mb4_unicode_ci,
  `ActorId` bigint NOT NULL,
  `MovieId` bigint NOT NULL,
  PRIMARY KEY (`Id`),
  KEY `IX_MovieActors_ActorId` (`ActorId`),
  CONSTRAINT `FK_MovieActors_Actor_ActorId` FOREIGN KEY (`ActorId`) REFERENCES `Actor` (`Id`) ON DELETE CASCADE
) ENGINE=InnoDB AUTO_INCREMENT=221 DEFAULT CHARSET=utf8mb4 COLLATE=utf8mb4_unicode_ci;
/*!40101 SET character_set_client = @saved_cs_client */;

--
-- Dumping data for table `MovieActors`
--

LOCK TABLES `MovieActors` WRITE;
/*!40000 ALTER TABLE `MovieActors` DISABLE KEYS */;
INSERT INTO `MovieActors` VALUES (168,'admin1@gmail.com',NULL,NULL,'2023-12-22 00:19:08.503629',NULL,1,64),(169,'admin1@gmail.com',NULL,NULL,'2023-12-22 00:19:08.503720',NULL,2,64),(170,'admin1@gmail.com',NULL,NULL,'2023-12-22 00:58:30.031865',NULL,1,65),(171,'admin1@gmail.com',NULL,NULL,'2023-12-22 00:58:30.031878',NULL,2,65),(172,'admin1@gmail.com',NULL,NULL,'2023-12-22 01:06:24.901103',NULL,2,66),(173,'admin1@gmail.com',NULL,NULL,'2023-12-22 01:06:24.901114',NULL,3,66),(174,'admin1@gmail.com',NULL,NULL,'2023-12-22 01:41:45.606461',NULL,1,67),(175,'admin1@gmail.com',NULL,NULL,'2023-12-22 01:51:04.500729',NULL,1,68),(176,'admin1@gmail.com',NULL,NULL,'2023-12-22 01:53:33.862653',NULL,2,69),(177,'admin1@gmail.com',NULL,NULL,'2023-12-22 03:24:48.723132',NULL,1,70),(178,'admin1@gmail.com',NULL,NULL,'2023-12-22 03:24:48.723142',NULL,2,70),(179,'admin1@gmail.com',NULL,NULL,'2023-12-22 03:24:48.723143',NULL,3,70),(180,'admin1@gmail.com',NULL,NULL,'2023-12-22 04:31:16.809990',NULL,1,71),(181,'admin1@gmail.com',NULL,NULL,'2023-12-22 04:35:42.785183',NULL,1,72),(182,'admin1@gmail.com',NULL,NULL,'2023-12-22 06:36:01.057006',NULL,1,73),(183,'admin1@gmail.com',NULL,NULL,'2023-12-22 06:36:01.057016',NULL,2,73),(184,'admin1@gmail.com',NULL,NULL,'2023-12-22 06:36:01.057017',NULL,4,73),(185,'admin1@gmail.com',NULL,NULL,'2023-12-22 06:43:15.882009',NULL,1,74),(186,'admin1@gmail.com',NULL,NULL,'2023-12-22 06:43:15.882019',NULL,3,74),(187,'admin1@gmail.com',NULL,NULL,'2023-12-22 06:43:15.882020',NULL,4,74),(188,'admin1@gmail.com',NULL,NULL,'2023-12-22 06:43:15.882020',NULL,2,74),(189,'admin1@gmail.com',NULL,NULL,'2023-12-22 07:40:36.016358',NULL,2,75),(190,'admin1@gmail.com',NULL,NULL,'2023-12-22 07:40:36.016445',NULL,1,75),(191,'admin1@gmail.com',NULL,NULL,'2023-12-22 07:40:36.016450',NULL,3,75),(192,'admin1@gmail.com',NULL,NULL,'2023-12-22 07:43:30.566272',NULL,5,76),(193,'admin1@gmail.com',NULL,NULL,'2023-12-22 07:43:30.566282',NULL,6,76),(194,'admin1@gmail.com',NULL,NULL,'2023-12-22 07:47:12.925319',NULL,4,77),(195,'admin1@gmail.com',NULL,NULL,'2023-12-22 07:47:12.925331',NULL,6,77),(196,'admin1@gmail.com',NULL,NULL,'2023-12-22 07:50:24.100477',NULL,2,78),(197,'admin1@gmail.com',NULL,NULL,'2023-12-22 07:50:24.100488',NULL,4,78),(198,'admin1@gmail.com',NULL,NULL,'2023-12-22 07:50:24.100489',NULL,5,78),(199,'admin1@gmail.com',NULL,NULL,'2023-12-22 07:52:54.216207',NULL,4,79),(200,'admin1@gmail.com',NULL,NULL,'2023-12-22 07:52:54.216219',NULL,5,79),(201,'admin1@gmail.com',NULL,NULL,'2023-12-22 07:55:36.285255',NULL,1,80),(202,'admin1@gmail.com',NULL,NULL,'2023-12-22 07:55:36.285266',NULL,3,80),(203,'admin1@gmail.com',NULL,NULL,'2023-12-22 07:55:36.285267',NULL,4,80),(204,'admin1@gmail.com',NULL,NULL,'2023-12-22 07:58:37.375896',NULL,2,81),(205,'admin1@gmail.com',NULL,NULL,'2023-12-22 07:58:37.375907',NULL,3,81),(206,'admin1@gmail.com',NULL,NULL,'2023-12-22 07:58:37.375908',NULL,4,81),(207,'admin1@gmail.com',NULL,NULL,'2023-12-22 08:01:37.585489',NULL,2,82),(208,'admin1@gmail.com',NULL,NULL,'2023-12-22 08:01:37.585500',NULL,4,82),(209,'admin1@gmail.com',NULL,NULL,'2023-12-22 08:01:37.585501',NULL,6,82),(210,'admin1@gmail.com',NULL,NULL,'2023-12-22 08:05:31.841912',NULL,6,83),(211,'admin1@gmail.com',NULL,NULL,'2023-12-22 08:05:31.841922',NULL,7,83),(212,'admin1@gmail.com',NULL,NULL,'2023-12-22 08:09:03.619309',NULL,1,84),(213,'admin1@gmail.com',NULL,NULL,'2023-12-22 08:09:03.619319',NULL,3,84),(214,'admin1@gmail.com',NULL,NULL,'2023-12-22 08:11:59.758593',NULL,4,85),(215,'admin1@gmail.com',NULL,NULL,'2023-12-22 08:11:59.758604',NULL,5,85),(216,'admin1@gmail.com',NULL,NULL,'2023-12-22 08:35:27.997754',NULL,1,86),(217,'admin1@gmail.com',NULL,NULL,'2023-12-22 08:35:27.997771',NULL,4,86),(218,'admin1@gmail.com',NULL,NULL,'2023-12-22 08:35:27.997773',NULL,6,86),(219,'admin1@gmail.com',NULL,NULL,'2023-12-22 08:38:35.896309',NULL,4,87),(220,'admin1@gmail.com',NULL,NULL,'2023-12-22 08:38:35.896319',NULL,5,87);
/*!40000 ALTER TABLE `MovieActors` ENABLE KEYS */;
UNLOCK TABLES;

--
-- Table structure for table `MovieCinema`
--

DROP TABLE IF EXISTS `MovieCinema`;
/*!40101 SET @saved_cs_client     = @@character_set_client */;
/*!50503 SET character_set_client = utf8mb4 */;
CREATE TABLE `MovieCinema` (
  `Id` bigint NOT NULL AUTO_INCREMENT,
  `CreatedBy` longtext COLLATE utf8mb4_unicode_ci,
  `UpdatedBy` longtext COLLATE utf8mb4_unicode_ci,
  `Updated` datetime(6) DEFAULT NULL,
  `Created` datetime(6) DEFAULT NULL,
  `Status` longtext COLLATE utf8mb4_unicode_ci,
  `CinemaId` bigint DEFAULT NULL,
  `MovieDateSettingId` bigint DEFAULT NULL,
  PRIMARY KEY (`Id`),
  KEY `FK_MovieCinema_Cinema_CinemaId` (`CinemaId`),
  KEY `FK_MovieCinema_MovieDateSetting_MovieDateSettingId` (`MovieDateSettingId`),
  CONSTRAINT `FK_MovieCinema_Cinema_CinemaId` FOREIGN KEY (`CinemaId`) REFERENCES `Cinema` (`Id`) ON DELETE CASCADE,
  CONSTRAINT `FK_MovieCinema_MovieDateSetting_MovieDateSettingId` FOREIGN KEY (`MovieDateSettingId`) REFERENCES `MovieDateSetting` (`Id`) ON DELETE CASCADE
) ENGINE=InnoDB AUTO_INCREMENT=411 DEFAULT CHARSET=utf8mb4 COLLATE=utf8mb4_unicode_ci;
/*!40101 SET character_set_client = @saved_cs_client */;

--
-- Dumping data for table `MovieCinema`
--

LOCK TABLES `MovieCinema` WRITE;
/*!40000 ALTER TABLE `MovieCinema` DISABLE KEYS */;
INSERT INTO `MovieCinema` VALUES (332,'admin1@gmail.com',NULL,NULL,'2023-12-22 00:19:08.640624','ENABLE',4,130),(333,'admin1@gmail.com',NULL,NULL,'2023-12-22 00:19:08.697038','ENABLE',4,131),(334,'admin1@gmail.com',NULL,NULL,'2023-12-22 00:19:08.718250','ENABLE',4,132),(335,'admin1@gmail.com',NULL,NULL,'2023-12-22 00:19:08.742299','ENABLE',4,133),(336,'admin1@gmail.com',NULL,NULL,'2023-12-22 00:58:30.072694','ENABLE',2,134),(337,'admin1@gmail.com',NULL,NULL,'2023-12-22 00:58:30.093474','ENABLE',4,134),(338,'admin1@gmail.com',NULL,NULL,'2023-12-22 00:58:30.117159','ENABLE',2,135),(339,'admin1@gmail.com',NULL,NULL,'2023-12-22 00:58:30.134165','ENABLE',4,135),(340,'admin1@gmail.com',NULL,NULL,'2023-12-22 01:06:24.934735','ENABLE',2,136),(341,'admin1@gmail.com',NULL,NULL,'2023-12-22 01:06:24.966056','ENABLE',4,136),(342,'admin1@gmail.com',NULL,NULL,'2023-12-22 01:06:24.996487','ENABLE',2,137),(343,'admin1@gmail.com',NULL,NULL,'2023-12-22 01:06:25.051991','ENABLE',4,137),(344,'admin1@gmail.com',NULL,NULL,'2023-12-22 01:51:04.522823','ENABLE',2,138),(345,'admin1@gmail.com',NULL,NULL,'2023-12-22 01:51:04.552387','ENABLE',4,138),(346,'admin1@gmail.com',NULL,NULL,'2023-12-22 01:51:04.574910','ENABLE',2,139),(347,'admin1@gmail.com',NULL,NULL,'2023-12-22 01:51:04.609678','ENABLE',4,139),(348,'admin1@gmail.com',NULL,NULL,'2023-12-22 01:53:33.881597','ENABLE',2,140),(349,'admin1@gmail.com',NULL,NULL,'2023-12-22 01:53:33.901161','ENABLE',4,140),(350,'admin1@gmail.com',NULL,NULL,'2023-12-22 01:53:33.939132','ENABLE',2,141),(351,'admin1@gmail.com',NULL,NULL,'2023-12-22 01:53:33.961707','ENABLE',4,141),(352,'admin1@gmail.com',NULL,NULL,'2023-12-22 03:24:48.763500','ENABLE',2,142),(353,'admin1@gmail.com',NULL,NULL,'2023-12-22 03:24:48.795809','ENABLE',2,143),(354,'admin1@gmail.com',NULL,NULL,'2023-12-22 04:31:16.830498','ENABLE',2,144),(355,'admin1@gmail.com',NULL,NULL,'2023-12-22 04:31:16.841933','ENABLE',2,145),(356,'admin1@gmail.com',NULL,NULL,'2023-12-22 04:35:42.832181','ENABLE',2,146),(357,'admin1@gmail.com',NULL,NULL,'2023-12-22 06:36:01.104321','ENABLE',2,147),(358,'admin1@gmail.com',NULL,NULL,'2023-12-22 06:36:01.115066','ENABLE',2,148),(359,'admin1@gmail.com',NULL,NULL,'2023-12-22 06:43:15.912048','ENABLE',2,149),(360,'admin1@gmail.com',NULL,NULL,'2023-12-22 06:43:15.939786','ENABLE',2,150),(361,'admin1@gmail.com',NULL,NULL,'2023-12-22 07:40:36.137314','ENABLE',2,151),(362,'admin1@gmail.com',NULL,NULL,'2023-12-22 07:40:36.191990','ENABLE',4,151),(363,'admin1@gmail.com',NULL,NULL,'2023-12-22 07:40:36.211480','ENABLE',2,152),(364,'admin1@gmail.com',NULL,NULL,'2023-12-22 07:40:36.222571','ENABLE',4,152),(365,'admin1@gmail.com',NULL,NULL,'2023-12-22 07:43:30.602723','ENABLE',2,153),(366,'admin1@gmail.com',NULL,NULL,'2023-12-22 07:43:30.629562','ENABLE',4,153),(367,'admin1@gmail.com',NULL,NULL,'2023-12-22 07:43:30.663242','ENABLE',2,154),(368,'admin1@gmail.com',NULL,NULL,'2023-12-22 07:43:30.691421','ENABLE',4,154),(369,'admin1@gmail.com',NULL,NULL,'2023-12-22 07:47:12.971978','ENABLE',2,155),(370,'admin1@gmail.com',NULL,NULL,'2023-12-22 07:47:13.040536','ENABLE',2,156),(371,'admin1@gmail.com',NULL,NULL,'2023-12-22 07:50:24.142095','ENABLE',2,157),(372,'admin1@gmail.com',NULL,NULL,'2023-12-22 07:50:24.177366','ENABLE',4,157),(373,'admin1@gmail.com',NULL,NULL,'2023-12-22 07:50:24.223662','ENABLE',2,158),(374,'admin1@gmail.com',NULL,NULL,'2023-12-22 07:50:24.268417','ENABLE',4,158),(375,'admin1@gmail.com',NULL,NULL,'2023-12-22 07:50:24.324599','ENABLE',2,159),(376,'admin1@gmail.com',NULL,NULL,'2023-12-22 07:50:24.375304','ENABLE',4,159),(377,'admin1@gmail.com',NULL,NULL,'2023-12-22 07:52:54.258362','ENABLE',2,160),(378,'admin1@gmail.com',NULL,NULL,'2023-12-22 07:52:54.283235','ENABLE',2,161),(379,'admin1@gmail.com',NULL,NULL,'2023-12-22 07:52:54.337523','ENABLE',2,162),(380,'admin1@gmail.com',NULL,NULL,'2023-12-22 07:52:54.376472','ENABLE',2,163),(381,'admin1@gmail.com',NULL,NULL,'2023-12-22 07:52:54.408172','ENABLE',2,164),(382,'admin1@gmail.com',NULL,NULL,'2023-12-22 07:55:36.329810','ENABLE',2,165),(383,'admin1@gmail.com',NULL,NULL,'2023-12-22 07:55:36.350471','ENABLE',2,166),(384,'admin1@gmail.com',NULL,NULL,'2023-12-22 07:55:36.371895','ENABLE',2,167),(385,'admin1@gmail.com',NULL,NULL,'2023-12-22 07:55:36.392437','ENABLE',2,168),(386,'admin1@gmail.com',NULL,NULL,'2023-12-22 07:55:36.414872','ENABLE',2,169),(387,'admin1@gmail.com',NULL,NULL,'2023-12-22 07:58:37.416644','ENABLE',2,170),(388,'admin1@gmail.com',NULL,NULL,'2023-12-22 07:58:37.454139','ENABLE',4,170),(389,'admin1@gmail.com',NULL,NULL,'2023-12-22 07:58:37.494994','ENABLE',2,171),(390,'admin1@gmail.com',NULL,NULL,'2023-12-22 07:58:37.532051','ENABLE',4,171),(391,'admin1@gmail.com',NULL,NULL,'2023-12-22 08:01:37.628375','ENABLE',2,172),(392,'admin1@gmail.com',NULL,NULL,'2023-12-22 08:01:37.663796','ENABLE',4,172),(393,'admin1@gmail.com',NULL,NULL,'2023-12-22 08:01:37.727335','ENABLE',2,173),(394,'admin1@gmail.com',NULL,NULL,'2023-12-22 08:01:37.771534','ENABLE',4,173),(395,'admin1@gmail.com',NULL,NULL,'2023-12-22 08:05:31.879990','ENABLE',2,174),(396,'admin1@gmail.com',NULL,NULL,'2023-12-22 08:05:31.941087','ENABLE',4,174),(397,'admin1@gmail.com',NULL,NULL,'2023-12-22 08:09:03.658663','ENABLE',2,175),(398,'admin1@gmail.com',NULL,NULL,'2023-12-22 08:09:03.691252','ENABLE',4,175),(399,'admin1@gmail.com',NULL,NULL,'2023-12-22 08:09:03.732117','ENABLE',2,176),(400,'admin1@gmail.com',NULL,NULL,'2023-12-22 08:09:03.773529','ENABLE',4,176),(401,'admin1@gmail.com',NULL,NULL,'2023-12-22 08:11:59.792542','ENABLE',2,177),(402,'admin1@gmail.com',NULL,NULL,'2023-12-22 08:11:59.834429','ENABLE',4,177),(403,'admin1@gmail.com',NULL,NULL,'2023-12-22 08:35:28.052005','ENABLE',2,178),(404,'admin1@gmail.com',NULL,NULL,'2023-12-22 08:35:28.075395','ENABLE',4,178),(405,'admin1@gmail.com',NULL,NULL,'2023-12-22 08:35:28.102743','ENABLE',2,179),(406,'admin1@gmail.com',NULL,NULL,'2023-12-22 08:35:28.123759','ENABLE',4,179),(407,'admin1@gmail.com',NULL,NULL,'2023-12-22 08:38:35.937409','ENABLE',2,180),(408,'admin1@gmail.com',NULL,NULL,'2023-12-22 08:38:35.972566','ENABLE',4,180),(409,'admin1@gmail.com',NULL,NULL,'2023-12-22 08:38:35.991410','ENABLE',2,181),(410,'admin1@gmail.com',NULL,NULL,'2023-12-22 08:38:36.022675','ENABLE',4,181);
/*!40000 ALTER TABLE `MovieCinema` ENABLE KEYS */;
UNLOCK TABLES;

--
-- Table structure for table `MovieDateSetting`
--

DROP TABLE IF EXISTS `MovieDateSetting`;
/*!40101 SET @saved_cs_client     = @@character_set_client */;
/*!50503 SET character_set_client = utf8mb4 */;
CREATE TABLE `MovieDateSetting` (
  `Id` bigint NOT NULL AUTO_INCREMENT,
  `CreatedBy` longtext COLLATE utf8mb4_unicode_ci,
  `UpdatedBy` longtext COLLATE utf8mb4_unicode_ci,
  `Updated` datetime(6) DEFAULT NULL,
  `Created` datetime(6) DEFAULT NULL,
  `Status` longtext COLLATE utf8mb4_unicode_ci,
  `Time` datetime(6) NOT NULL,
  `MovieId` bigint DEFAULT NULL,
  PRIMARY KEY (`Id`),
  KEY `FK_MovieDateSetting_Movie_RoomId` (`MovieId`),
  CONSTRAINT `FK_MovieDateSetting_Movie_RoomId` FOREIGN KEY (`MovieId`) REFERENCES `Movie` (`Id`) ON DELETE CASCADE
) ENGINE=InnoDB AUTO_INCREMENT=182 DEFAULT CHARSET=utf8mb4 COLLATE=utf8mb4_unicode_ci;
/*!40101 SET character_set_client = @saved_cs_client */;

--
-- Dumping data for table `MovieDateSetting`
--

LOCK TABLES `MovieDateSetting` WRITE;
/*!40000 ALTER TABLE `MovieDateSetting` DISABLE KEYS */;
INSERT INTO `MovieDateSetting` VALUES (130,'admin1@gmail.com',NULL,NULL,'2023-12-22 00:19:08.616199','ENABLE','2023-12-23 00:00:00.000000',64),(131,'admin1@gmail.com',NULL,NULL,'2023-12-22 00:19:08.691208','ENABLE','2023-12-24 00:00:00.000000',64),(132,'admin1@gmail.com',NULL,NULL,'2023-12-22 00:19:08.714376','ENABLE','2023-12-25 00:00:00.000000',64),(133,'admin1@gmail.com',NULL,NULL,'2023-12-22 00:19:08.737439','ENABLE','2023-12-26 00:00:00.000000',64),(134,'admin1@gmail.com',NULL,NULL,'2023-12-22 00:58:30.067432','ENABLE','2023-12-23 00:00:00.000000',65),(135,'admin1@gmail.com',NULL,NULL,'2023-12-22 00:58:30.112966','ENABLE','2023-12-24 00:00:00.000000',65),(136,'admin1@gmail.com',NULL,NULL,'2023-12-22 01:06:24.930397','ENABLE','2023-12-23 00:00:00.000000',66),(137,'admin1@gmail.com',NULL,NULL,'2023-12-22 01:06:24.992440','ENABLE','2023-12-24 00:00:00.000000',66),(138,'admin1@gmail.com',NULL,NULL,'2023-12-22 01:51:04.519257','ENABLE','2023-12-23 00:00:00.000000',68),(139,'admin1@gmail.com',NULL,NULL,'2023-12-22 01:51:04.570303','ENABLE','2023-12-24 00:00:00.000000',68),(140,'admin1@gmail.com',NULL,NULL,'2023-12-22 01:53:33.877812','ENABLE','2023-12-23 00:00:00.000000',69),(141,'admin1@gmail.com',NULL,NULL,'2023-12-22 01:53:33.934445','ENABLE','2023-12-24 00:00:00.000000',69),(142,'admin1@gmail.com',NULL,NULL,'2023-12-22 03:24:48.759318','ENABLE','2023-12-23 00:00:00.000000',70),(143,'admin1@gmail.com',NULL,NULL,'2023-12-22 03:24:48.791968','ENABLE','2023-12-24 00:00:00.000000',70),(144,'admin1@gmail.com',NULL,NULL,'2023-12-22 04:31:16.826377','ENABLE','2023-12-23 00:00:00.000000',71),(145,'admin1@gmail.com',NULL,NULL,'2023-12-22 04:31:16.838216','ENABLE','2023-12-24 00:00:00.000000',71),(146,'admin1@gmail.com',NULL,NULL,'2023-12-22 04:35:42.827039','ENABLE','2023-12-23 00:00:00.000000',72),(147,'admin1@gmail.com',NULL,NULL,'2023-12-22 06:36:01.099053','ENABLE','2023-12-23 00:00:00.000000',73),(148,'admin1@gmail.com',NULL,NULL,'2023-12-22 06:36:01.110109','ENABLE','2023-12-24 00:00:00.000000',73),(149,'admin1@gmail.com',NULL,NULL,'2023-12-22 06:43:15.907430','ENABLE','2023-12-23 00:00:00.000000',74),(150,'admin1@gmail.com',NULL,NULL,'2023-12-22 06:43:15.936130','ENABLE','2023-12-24 00:00:00.000000',74),(151,'admin1@gmail.com',NULL,NULL,'2023-12-22 07:40:36.110939','ENABLE','2023-12-23 00:00:00.000000',75),(152,'admin1@gmail.com',NULL,NULL,'2023-12-22 07:40:36.207465','ENABLE','2023-12-24 00:00:00.000000',75),(153,'admin1@gmail.com',NULL,NULL,'2023-12-22 07:43:30.598082','ENABLE','2023-12-25 00:00:00.000000',76),(154,'admin1@gmail.com',NULL,NULL,'2023-12-22 07:43:30.659348','ENABLE','2023-12-26 00:00:00.000000',76),(155,'admin1@gmail.com',NULL,NULL,'2023-12-22 07:47:12.967325','ENABLE','2023-12-23 00:00:00.000000',77),(156,'admin1@gmail.com',NULL,NULL,'2023-12-22 07:47:12.992888','ENABLE','2023-12-24 00:00:00.000000',77),(157,'admin1@gmail.com',NULL,NULL,'2023-12-22 07:50:24.138186','ENABLE','2023-12-26 00:00:00.000000',78),(158,'admin1@gmail.com',NULL,NULL,'2023-12-22 07:50:24.216757','ENABLE','2023-12-27 00:00:00.000000',78),(159,'admin1@gmail.com',NULL,NULL,'2023-12-22 07:50:24.316104','ENABLE','2023-12-28 00:00:00.000000',78),(160,'admin1@gmail.com',NULL,NULL,'2023-12-22 07:52:54.253028','ENABLE','2023-12-25 00:00:00.000000',79),(161,'admin1@gmail.com',NULL,NULL,'2023-12-22 07:52:54.277955','ENABLE','2023-12-26 00:00:00.000000',79),(162,'admin1@gmail.com',NULL,NULL,'2023-12-22 07:52:54.308890','ENABLE','2023-12-27 00:00:00.000000',79),(163,'admin1@gmail.com',NULL,NULL,'2023-12-22 07:52:54.370292','ENABLE','2023-12-28 00:00:00.000000',79),(164,'admin1@gmail.com',NULL,NULL,'2023-12-22 07:52:54.399719','ENABLE','2023-12-29 00:00:00.000000',79),(165,'admin1@gmail.com',NULL,NULL,'2023-12-22 07:55:36.326067','ENABLE','2024-01-01 00:00:00.000000',80),(166,'admin1@gmail.com',NULL,NULL,'2023-12-22 07:55:36.346082','ENABLE','2024-01-02 00:00:00.000000',80),(167,'admin1@gmail.com',NULL,NULL,'2023-12-22 07:55:36.366901','ENABLE','2024-01-03 00:00:00.000000',80),(168,'admin1@gmail.com',NULL,NULL,'2023-12-22 07:55:36.388113','ENABLE','2024-01-04 00:00:00.000000',80),(169,'admin1@gmail.com',NULL,NULL,'2023-12-22 07:55:36.409397','ENABLE','2024-01-05 00:00:00.000000',80),(170,'admin1@gmail.com',NULL,NULL,'2023-12-22 07:58:37.411815','ENABLE','2023-12-29 00:00:00.000000',81),(171,'admin1@gmail.com',NULL,NULL,'2023-12-22 07:58:37.490371','ENABLE','2023-12-30 00:00:00.000000',81),(172,'admin1@gmail.com',NULL,NULL,'2023-12-22 08:01:37.623609','ENABLE','2023-12-30 00:00:00.000000',82),(173,'admin1@gmail.com',NULL,NULL,'2023-12-22 08:01:37.721263','ENABLE','2023-12-31 00:00:00.000000',82),(174,'admin1@gmail.com',NULL,NULL,'2023-12-22 08:05:31.876068','ENABLE','2024-01-06 00:00:00.000000',83),(175,'admin1@gmail.com',NULL,NULL,'2023-12-22 08:09:03.653810','ENABLE','2024-01-05 00:00:00.000000',84),(176,'admin1@gmail.com',NULL,NULL,'2023-12-22 08:09:03.726274','ENABLE','2024-01-06 00:00:00.000000',84),(177,'admin1@gmail.com',NULL,NULL,'2023-12-22 08:11:59.788548','ENABLE','2023-12-06 00:00:00.000000',85),(178,'admin1@gmail.com',NULL,NULL,'2023-12-22 08:35:28.046299','ENABLE','2023-12-05 00:00:00.000000',86),(179,'admin1@gmail.com',NULL,NULL,'2023-12-22 08:35:28.097235','ENABLE','2023-12-06 00:00:00.000000',86),(180,'admin1@gmail.com',NULL,NULL,'2023-12-22 08:38:35.931865','ENABLE','2023-11-29 00:00:00.000000',87),(181,'admin1@gmail.com',NULL,NULL,'2023-12-22 08:38:35.986248','ENABLE','2023-11-30 00:00:00.000000',87);
/*!40000 ALTER TABLE `MovieDateSetting` ENABLE KEYS */;
UNLOCK TABLES;

--
-- Table structure for table `MovieDirectors`
--

DROP TABLE IF EXISTS `MovieDirectors`;
/*!40101 SET @saved_cs_client     = @@character_set_client */;
/*!50503 SET character_set_client = utf8mb4 */;
CREATE TABLE `MovieDirectors` (
  `Id` bigint NOT NULL AUTO_INCREMENT,
  `CreatedBy` longtext COLLATE utf8mb4_unicode_ci,
  `UpdatedBy` longtext COLLATE utf8mb4_unicode_ci,
  `Updated` datetime(6) DEFAULT NULL,
  `Created` datetime(6) DEFAULT NULL,
  `Status` longtext COLLATE utf8mb4_unicode_ci,
  `DirectorId` bigint NOT NULL,
  `MovieId` bigint NOT NULL,
  PRIMARY KEY (`Id`),
  KEY `IX_MovieDirectors_DirectorId` (`DirectorId`),
  CONSTRAINT `FK_MovieDirectors_Director_DirectorId` FOREIGN KEY (`DirectorId`) REFERENCES `Director` (`Id`) ON DELETE CASCADE
) ENGINE=InnoDB AUTO_INCREMENT=183 DEFAULT CHARSET=utf8mb4 COLLATE=utf8mb4_unicode_ci;
/*!40101 SET character_set_client = @saved_cs_client */;

--
-- Dumping data for table `MovieDirectors`
--

LOCK TABLES `MovieDirectors` WRITE;
/*!40000 ALTER TABLE `MovieDirectors` DISABLE KEYS */;
INSERT INTO `MovieDirectors` VALUES (126,'ngoc@gmail.com',NULL,NULL,'2023-12-21 17:53:43.065435',NULL,1,59),(127,'ngoc@gmail.com',NULL,NULL,'2023-12-21 17:53:43.065440',NULL,2,59),(128,'admin1@gmail.com',NULL,NULL,'2023-12-21 19:14:06.776096',NULL,1,60),(129,'admin1@gmail.com',NULL,NULL,'2023-12-21 19:14:06.776173',NULL,2,60),(130,'admin1@gmail.com',NULL,NULL,'2023-12-21 19:18:10.614667',NULL,1,61),(131,'admin1@gmail.com',NULL,NULL,'2023-12-21 19:18:10.614668',NULL,3,61),(132,'admin1@gmail.com',NULL,NULL,'2023-12-21 19:18:10.614669',NULL,4,61),(133,'admin1@gmail.com',NULL,NULL,'2023-12-21 19:21:23.821715',NULL,1,62),(134,'admin1@gmail.com',NULL,NULL,'2023-12-21 19:21:23.821716',NULL,2,62),(135,'admin1@gmail.com',NULL,NULL,'2023-12-21 19:25:13.822622',NULL,2,63),(136,'admin1@gmail.com',NULL,NULL,'2023-12-21 19:25:13.822624',NULL,3,63),(137,'admin1@gmail.com',NULL,NULL,'2023-12-22 00:19:08.504326',NULL,1,64),(138,'admin1@gmail.com',NULL,NULL,'2023-12-22 00:19:08.504411',NULL,2,64),(139,'admin1@gmail.com',NULL,NULL,'2023-12-22 00:58:30.031885',NULL,1,65),(140,'admin1@gmail.com',NULL,NULL,'2023-12-22 00:58:30.031887',NULL,2,65),(141,'admin1@gmail.com',NULL,NULL,'2023-12-22 01:06:24.901119',NULL,1,66),(142,'admin1@gmail.com',NULL,NULL,'2023-12-22 01:06:24.901120',NULL,2,66),(143,'admin1@gmail.com',NULL,NULL,'2023-12-22 01:41:45.606476',NULL,1,67),(144,'admin1@gmail.com',NULL,NULL,'2023-12-22 01:51:04.500742',NULL,1,68),(145,'admin1@gmail.com',NULL,NULL,'2023-12-22 01:53:33.862667',NULL,1,69),(146,'admin1@gmail.com',NULL,NULL,'2023-12-22 03:24:48.723149',NULL,1,70),(147,'admin1@gmail.com',NULL,NULL,'2023-12-22 03:24:48.723150',NULL,2,70),(148,'admin1@gmail.com',NULL,NULL,'2023-12-22 04:31:16.810004',NULL,1,71),(149,'admin1@gmail.com',NULL,NULL,'2023-12-22 04:35:42.785203',NULL,2,72),(150,'admin1@gmail.com',NULL,NULL,'2023-12-22 06:36:01.057023',NULL,1,73),(151,'admin1@gmail.com',NULL,NULL,'2023-12-22 06:36:01.057044',NULL,2,73),(152,'admin1@gmail.com',NULL,NULL,'2023-12-22 06:43:15.882026',NULL,1,74),(153,'admin1@gmail.com',NULL,NULL,'2023-12-22 06:43:15.882049',NULL,2,74),(154,'admin1@gmail.com',NULL,NULL,'2023-12-22 07:40:36.016997',NULL,1,75),(155,'admin1@gmail.com',NULL,NULL,'2023-12-22 07:40:36.017137',NULL,2,75),(156,'admin1@gmail.com',NULL,NULL,'2023-12-22 07:43:30.566293',NULL,1,76),(157,'admin1@gmail.com',NULL,NULL,'2023-12-22 07:43:30.566294',NULL,3,76),(158,'admin1@gmail.com',NULL,NULL,'2023-12-22 07:47:12.925337',NULL,2,77),(159,'admin1@gmail.com',NULL,NULL,'2023-12-22 07:47:12.925338',NULL,3,77),(160,'admin1@gmail.com',NULL,NULL,'2023-12-22 07:47:12.925339',NULL,4,77),(161,'admin1@gmail.com',NULL,NULL,'2023-12-22 07:50:24.100495',NULL,3,78),(162,'admin1@gmail.com',NULL,NULL,'2023-12-22 07:50:24.100496',NULL,4,78),(163,'admin1@gmail.com',NULL,NULL,'2023-12-22 07:52:54.216225',NULL,1,79),(164,'admin1@gmail.com',NULL,NULL,'2023-12-22 07:52:54.216226',NULL,3,79),(165,'admin1@gmail.com',NULL,NULL,'2023-12-22 07:55:36.285273',NULL,1,80),(166,'admin1@gmail.com',NULL,NULL,'2023-12-22 07:55:36.285274',NULL,2,80),(167,'admin1@gmail.com',NULL,NULL,'2023-12-22 07:58:37.375925',NULL,1,81),(168,'admin1@gmail.com',NULL,NULL,'2023-12-22 07:58:37.375926',NULL,3,81),(169,'admin1@gmail.com',NULL,NULL,'2023-12-22 07:58:37.375927',NULL,4,81),(170,'admin1@gmail.com',NULL,NULL,'2023-12-22 08:01:37.585507',NULL,1,82),(171,'admin1@gmail.com',NULL,NULL,'2023-12-22 08:01:37.585508',NULL,3,82),(172,'admin1@gmail.com',NULL,NULL,'2023-12-22 08:05:31.841929',NULL,1,83),(173,'admin1@gmail.com',NULL,NULL,'2023-12-22 08:05:31.841930',NULL,4,83),(174,'admin1@gmail.com',NULL,NULL,'2023-12-22 08:09:03.619325',NULL,3,84),(175,'admin1@gmail.com',NULL,NULL,'2023-12-22 08:09:03.619326',NULL,1,84),(176,'admin1@gmail.com',NULL,NULL,'2023-12-22 08:11:59.758611',NULL,3,85),(177,'admin1@gmail.com',NULL,NULL,'2023-12-22 08:11:59.758612',NULL,4,85),(178,'admin1@gmail.com',NULL,NULL,'2023-12-22 08:35:27.997793',NULL,1,86),(179,'admin1@gmail.com',NULL,NULL,'2023-12-22 08:35:27.997794',NULL,2,86),(180,'admin1@gmail.com',NULL,NULL,'2023-12-22 08:35:27.997795',NULL,3,86),(181,'admin1@gmail.com',NULL,NULL,'2023-12-22 08:38:35.896325',NULL,3,87),(182,'admin1@gmail.com',NULL,NULL,'2023-12-22 08:38:35.896326',NULL,4,87);
/*!40000 ALTER TABLE `MovieDirectors` ENABLE KEYS */;
UNLOCK TABLES;

--
-- Table structure for table `MovieGenres`
--

DROP TABLE IF EXISTS `MovieGenres`;
/*!40101 SET @saved_cs_client     = @@character_set_client */;
/*!50503 SET character_set_client = utf8mb4 */;
CREATE TABLE `MovieGenres` (
  `Id` bigint NOT NULL AUTO_INCREMENT,
  `CreatedBy` longtext COLLATE utf8mb4_unicode_ci,
  `UpdatedBy` longtext COLLATE utf8mb4_unicode_ci,
  `Updated` datetime(6) DEFAULT NULL,
  `Created` datetime(6) DEFAULT NULL,
  `Status` longtext COLLATE utf8mb4_unicode_ci,
  `MovieId` bigint NOT NULL,
  `GenreId` bigint NOT NULL,
  PRIMARY KEY (`Id`),
  KEY `IX_MovieCategories_MovieId` (`MovieId`),
  KEY `FK_MovieGenres_Genre_GenreId` (`GenreId`),
  CONSTRAINT `FK_MovieCategories_Movie_MovieId` FOREIGN KEY (`MovieId`) REFERENCES `Movie` (`Id`) ON DELETE CASCADE,
  CONSTRAINT `FK_MovieGenres_Genre_GenreId` FOREIGN KEY (`GenreId`) REFERENCES `Genre` (`Id`) ON DELETE CASCADE
) ENGINE=InnoDB AUTO_INCREMENT=236 DEFAULT CHARSET=utf8mb4 COLLATE=utf8mb4_unicode_ci;
/*!40101 SET character_set_client = @saved_cs_client */;

--
-- Dumping data for table `MovieGenres`
--

LOCK TABLES `MovieGenres` WRITE;
/*!40000 ALTER TABLE `MovieGenres` DISABLE KEYS */;
INSERT INTO `MovieGenres` VALUES (175,'admin1@gmail.com',NULL,NULL,'2023-12-22 00:19:08.503993',NULL,64,2),(176,'admin1@gmail.com',NULL,NULL,'2023-12-22 00:19:08.504072',NULL,64,3),(177,'admin1@gmail.com',NULL,NULL,'2023-12-22 00:19:08.504077',NULL,64,1),(178,'admin1@gmail.com',NULL,NULL,'2023-12-22 00:58:30.031881',NULL,65,1),(179,'admin1@gmail.com',NULL,NULL,'2023-12-22 00:58:30.031883',NULL,65,2),(180,'admin1@gmail.com',NULL,NULL,'2023-12-22 01:06:24.901116',NULL,66,1),(181,'admin1@gmail.com',NULL,NULL,'2023-12-22 01:06:24.901117',NULL,66,3),(182,'admin1@gmail.com',NULL,NULL,'2023-12-22 01:41:45.606472',NULL,67,1),(183,'admin1@gmail.com',NULL,NULL,'2023-12-22 01:41:45.606473',NULL,67,2),(184,'admin1@gmail.com',NULL,NULL,'2023-12-22 01:51:04.500740',NULL,68,1),(185,'admin1@gmail.com',NULL,NULL,'2023-12-22 01:53:33.862664',NULL,69,1),(186,'admin1@gmail.com',NULL,NULL,'2023-12-22 03:24:48.723145',NULL,70,1),(187,'admin1@gmail.com',NULL,NULL,'2023-12-22 03:24:48.723146',NULL,70,2),(188,'admin1@gmail.com',NULL,NULL,'2023-12-22 03:24:48.723147',NULL,70,3),(189,'admin1@gmail.com',NULL,NULL,'2023-12-22 04:31:16.810001',NULL,71,1),(190,'admin1@gmail.com',NULL,NULL,'2023-12-22 04:35:42.785200',NULL,72,1),(191,'admin1@gmail.com',NULL,NULL,'2023-12-22 06:36:01.057019',NULL,73,1),(192,'admin1@gmail.com',NULL,NULL,'2023-12-22 06:36:01.057020',NULL,73,2),(193,'admin1@gmail.com',NULL,NULL,'2023-12-22 06:36:01.057021',NULL,73,4),(194,'admin1@gmail.com',NULL,NULL,'2023-12-22 06:43:15.882023',NULL,74,2),(195,'admin1@gmail.com',NULL,NULL,'2023-12-22 06:43:15.882024',NULL,74,1),(196,'admin1@gmail.com',NULL,NULL,'2023-12-22 07:40:36.016722',NULL,75,1),(197,'admin1@gmail.com',NULL,NULL,'2023-12-22 07:40:36.016793',NULL,75,2),(198,'admin1@gmail.com',NULL,NULL,'2023-12-22 07:43:30.566284',NULL,76,1),(199,'admin1@gmail.com',NULL,NULL,'2023-12-22 07:43:30.566285',NULL,76,2),(200,'admin1@gmail.com',NULL,NULL,'2023-12-22 07:43:30.566286',NULL,76,4),(201,'admin1@gmail.com',NULL,NULL,'2023-12-22 07:43:30.566287',NULL,76,5),(202,'admin1@gmail.com',NULL,NULL,'2023-12-22 07:47:12.925333',NULL,77,1),(203,'admin1@gmail.com',NULL,NULL,'2023-12-22 07:47:12.925334',NULL,77,4),(204,'admin1@gmail.com',NULL,NULL,'2023-12-22 07:47:12.925335',NULL,77,11),(205,'admin1@gmail.com',NULL,NULL,'2023-12-22 07:50:24.100492',NULL,78,1),(206,'admin1@gmail.com',NULL,NULL,'2023-12-22 07:50:24.100493',NULL,78,2),(207,'admin1@gmail.com',NULL,NULL,'2023-12-22 07:52:54.216222',NULL,79,2),(208,'admin1@gmail.com',NULL,NULL,'2023-12-22 07:52:54.216223',NULL,79,3),(209,'admin1@gmail.com',NULL,NULL,'2023-12-22 07:52:54.216223',NULL,79,4),(210,'admin1@gmail.com',NULL,NULL,'2023-12-22 07:55:36.285269',NULL,80,1),(211,'admin1@gmail.com',NULL,NULL,'2023-12-22 07:55:36.285270',NULL,80,2),(212,'admin1@gmail.com',NULL,NULL,'2023-12-22 07:55:36.285271',NULL,80,4),(213,'admin1@gmail.com',NULL,NULL,'2023-12-22 07:58:37.375921',NULL,81,4),(214,'admin1@gmail.com',NULL,NULL,'2023-12-22 07:58:37.375922',NULL,81,3),(215,'admin1@gmail.com',NULL,NULL,'2023-12-22 07:58:37.375923',NULL,81,2),(216,'admin1@gmail.com',NULL,NULL,'2023-12-22 07:58:37.375924',NULL,81,5),(217,'admin1@gmail.com',NULL,NULL,'2023-12-22 08:01:37.585503',NULL,82,4),(218,'admin1@gmail.com',NULL,NULL,'2023-12-22 08:01:37.585504',NULL,82,6),(219,'admin1@gmail.com',NULL,NULL,'2023-12-22 08:01:37.585505',NULL,82,7),(220,'admin1@gmail.com',NULL,NULL,'2023-12-22 08:05:31.841925',NULL,83,1),(221,'admin1@gmail.com',NULL,NULL,'2023-12-22 08:05:31.841926',NULL,83,2),(222,'admin1@gmail.com',NULL,NULL,'2023-12-22 08:05:31.841927',NULL,83,4),(223,'admin1@gmail.com',NULL,NULL,'2023-12-22 08:09:03.619321',NULL,84,4),(224,'admin1@gmail.com',NULL,NULL,'2023-12-22 08:09:03.619322',NULL,84,5),(225,'admin1@gmail.com',NULL,NULL,'2023-12-22 08:09:03.619323',NULL,84,6),(226,'admin1@gmail.com',NULL,NULL,'2023-12-22 08:11:59.758607',NULL,85,2),(227,'admin1@gmail.com',NULL,NULL,'2023-12-22 08:11:59.758608',NULL,85,3),(228,'admin1@gmail.com',NULL,NULL,'2023-12-22 08:11:59.758609',NULL,85,4),(229,'admin1@gmail.com',NULL,NULL,'2023-12-22 08:11:59.758609',NULL,85,7),(230,'admin1@gmail.com',NULL,NULL,'2023-12-22 08:35:27.997789',NULL,86,2),(231,'admin1@gmail.com',NULL,NULL,'2023-12-22 08:35:27.997790',NULL,86,4),(232,'admin1@gmail.com',NULL,NULL,'2023-12-22 08:35:27.997791',NULL,86,3),(233,'admin1@gmail.com',NULL,NULL,'2023-12-22 08:35:27.997791',NULL,86,6),(234,'admin1@gmail.com',NULL,NULL,'2023-12-22 08:38:35.896322',NULL,87,1),(235,'admin1@gmail.com',NULL,NULL,'2023-12-22 08:38:35.896323',NULL,87,2);
/*!40000 ALTER TABLE `MovieGenres` ENABLE KEYS */;
UNLOCK TABLES;

--
-- Table structure for table `MovieRoom`
--

DROP TABLE IF EXISTS `MovieRoom`;
/*!40101 SET @saved_cs_client     = @@character_set_client */;
/*!50503 SET character_set_client = utf8mb4 */;
CREATE TABLE `MovieRoom` (
  `Id` bigint NOT NULL AUTO_INCREMENT,
  `CreatedBy` longtext COLLATE utf8mb4_unicode_ci,
  `UpdatedBy` longtext COLLATE utf8mb4_unicode_ci,
  `Updated` datetime(6) DEFAULT NULL,
  `Created` datetime(6) DEFAULT NULL,
  `Status` longtext COLLATE utf8mb4_unicode_ci,
  `RoomId` bigint DEFAULT NULL,
  `MovieCinemaId` bigint DEFAULT NULL,
  PRIMARY KEY (`Id`),
  KEY `FK_MovieRoom_Room_RoomId` (`RoomId`),
  KEY `FK_MovieRoom_MovieCinema_MovieCinemaId` (`MovieCinemaId`),
  CONSTRAINT `FK_MovieRoom_MovieCinema_MovieCinemaId` FOREIGN KEY (`MovieCinemaId`) REFERENCES `MovieCinema` (`Id`) ON DELETE CASCADE,
  CONSTRAINT `FK_MovieRoom_Room_RoomId` FOREIGN KEY (`RoomId`) REFERENCES `Room` (`Id`) ON DELETE CASCADE
) ENGINE=InnoDB AUTO_INCREMENT=825 DEFAULT CHARSET=utf8mb4 COLLATE=utf8mb4_unicode_ci;
/*!40101 SET character_set_client = @saved_cs_client */;

--
-- Dumping data for table `MovieRoom`
--

LOCK TABLES `MovieRoom` WRITE;
/*!40000 ALTER TABLE `MovieRoom` DISABLE KEYS */;
INSERT INTO `MovieRoom` VALUES (708,'admin1@gmail.com',NULL,NULL,'2023-12-22 00:19:08.657547','ENABLE',11,332),(709,'admin1@gmail.com',NULL,NULL,'2023-12-22 00:19:08.701999','ENABLE',11,333),(710,'admin1@gmail.com',NULL,NULL,'2023-12-22 00:19:08.722196','ENABLE',11,334),(711,'admin1@gmail.com',NULL,NULL,'2023-12-22 00:19:08.747238','ENABLE',11,335),(712,'admin1@gmail.com',NULL,NULL,'2023-12-22 00:58:30.077744','ENABLE',1,336),(713,'admin1@gmail.com',NULL,NULL,'2023-12-22 00:58:30.098604','ENABLE',1,337),(714,'admin1@gmail.com',NULL,NULL,'2023-12-22 00:58:30.121512','ENABLE',1,338),(715,'admin1@gmail.com',NULL,NULL,'2023-12-22 00:58:30.138731','ENABLE',1,339),(716,'admin1@gmail.com',NULL,NULL,'2023-12-22 01:06:24.938808','ENABLE',1,340),(717,'admin1@gmail.com',NULL,NULL,'2023-12-22 01:06:24.950659','ENABLE',7,340),(718,'admin1@gmail.com',NULL,NULL,'2023-12-22 01:06:24.970985','ENABLE',1,341),(719,'admin1@gmail.com',NULL,NULL,'2023-12-22 01:06:24.983174','ENABLE',7,341),(720,'admin1@gmail.com',NULL,NULL,'2023-12-22 01:06:25.000587','ENABLE',1,342),(721,'admin1@gmail.com',NULL,NULL,'2023-12-22 01:06:25.013119','ENABLE',7,342),(722,'admin1@gmail.com',NULL,NULL,'2023-12-22 01:06:25.060050','ENABLE',1,343),(723,'admin1@gmail.com',NULL,NULL,'2023-12-22 01:06:25.076521','ENABLE',7,343),(724,'admin1@gmail.com',NULL,NULL,'2023-12-22 01:51:04.526508','ENABLE',1,344),(725,'admin1@gmail.com',NULL,NULL,'2023-12-22 01:51:04.539657','ENABLE',7,344),(726,'admin1@gmail.com',NULL,NULL,'2023-12-22 01:51:04.556637','ENABLE',1,345),(727,'admin1@gmail.com',NULL,NULL,'2023-12-22 01:51:04.579508','ENABLE',1,346),(728,'admin1@gmail.com',NULL,NULL,'2023-12-22 01:51:04.595065','ENABLE',7,346),(729,'admin1@gmail.com',NULL,NULL,'2023-12-22 01:51:04.615546','ENABLE',1,347),(730,'admin1@gmail.com',NULL,NULL,'2023-12-22 01:53:33.885506','ENABLE',1,348),(731,'admin1@gmail.com',NULL,NULL,'2023-12-22 01:53:33.905332','ENABLE',1,349),(732,'admin1@gmail.com',NULL,NULL,'2023-12-22 01:53:33.919709','ENABLE',7,349),(733,'admin1@gmail.com',NULL,NULL,'2023-12-22 01:53:33.944434','ENABLE',1,350),(734,'admin1@gmail.com',NULL,NULL,'2023-12-22 01:53:33.967697','ENABLE',1,351),(735,'admin1@gmail.com',NULL,NULL,'2023-12-22 01:53:33.984455','ENABLE',7,351),(736,'admin1@gmail.com',NULL,NULL,'2023-12-22 03:24:48.767775','ENABLE',1,352),(737,'admin1@gmail.com',NULL,NULL,'2023-12-22 03:24:48.780998','ENABLE',7,352),(738,'admin1@gmail.com',NULL,NULL,'2023-12-22 03:24:48.799643','ENABLE',1,353),(739,'admin1@gmail.com',NULL,NULL,'2023-12-22 03:24:48.810789','ENABLE',7,353),(740,'admin1@gmail.com',NULL,NULL,'2023-12-22 04:31:16.834050','ENABLE',1,354),(741,'admin1@gmail.com',NULL,NULL,'2023-12-22 04:31:16.845937','ENABLE',1,355),(742,'admin1@gmail.com',NULL,NULL,'2023-12-22 04:35:42.836657','ENABLE',1,356),(743,'admin1@gmail.com',NULL,NULL,'2023-12-22 06:43:15.916258','ENABLE',1,359),(744,'admin1@gmail.com',NULL,NULL,'2023-12-22 06:43:15.928285','ENABLE',7,359),(745,'admin1@gmail.com',NULL,NULL,'2023-12-22 06:43:15.943505','ENABLE',1,360),(746,'admin1@gmail.com',NULL,NULL,'2023-12-22 06:43:15.954249','ENABLE',7,360),(747,'admin1@gmail.com',NULL,NULL,'2023-12-22 07:40:36.156338','ENABLE',1,361),(748,'admin1@gmail.com',NULL,NULL,'2023-12-22 07:40:36.198377','ENABLE',1,362),(749,'admin1@gmail.com',NULL,NULL,'2023-12-22 07:40:36.215224','ENABLE',1,363),(750,'admin1@gmail.com',NULL,NULL,'2023-12-22 07:40:36.226819','ENABLE',1,364),(751,'admin1@gmail.com',NULL,NULL,'2023-12-22 07:43:30.606563','ENABLE',1,365),(752,'admin1@gmail.com',NULL,NULL,'2023-12-22 07:43:30.618148','ENABLE',7,365),(753,'admin1@gmail.com',NULL,NULL,'2023-12-22 07:43:30.634332','ENABLE',1,366),(754,'admin1@gmail.com',NULL,NULL,'2023-12-22 07:43:30.647168','ENABLE',7,366),(755,'admin1@gmail.com',NULL,NULL,'2023-12-22 07:43:30.667390','ENABLE',1,367),(756,'admin1@gmail.com',NULL,NULL,'2023-12-22 07:43:30.679210','ENABLE',7,367),(757,'admin1@gmail.com',NULL,NULL,'2023-12-22 07:43:30.695623','ENABLE',1,368),(758,'admin1@gmail.com',NULL,NULL,'2023-12-22 07:43:30.708659','ENABLE',7,368),(759,'admin1@gmail.com',NULL,NULL,'2023-12-22 07:47:12.975863','ENABLE',1,369),(760,'admin1@gmail.com',NULL,NULL,'2023-12-22 07:47:13.053824','ENABLE',1,370),(761,'admin1@gmail.com',NULL,NULL,'2023-12-22 07:50:24.146318','ENABLE',1,371),(762,'admin1@gmail.com',NULL,NULL,'2023-12-22 07:50:24.161041','ENABLE',7,371),(763,'admin1@gmail.com',NULL,NULL,'2023-12-22 07:50:24.183063','ENABLE',1,372),(764,'admin1@gmail.com',NULL,NULL,'2023-12-22 07:50:24.199731','ENABLE',7,372),(765,'admin1@gmail.com',NULL,NULL,'2023-12-22 07:50:24.228943','ENABLE',1,373),(766,'admin1@gmail.com',NULL,NULL,'2023-12-22 07:50:24.247493','ENABLE',7,373),(767,'admin1@gmail.com',NULL,NULL,'2023-12-22 07:50:24.275618','ENABLE',1,374),(768,'admin1@gmail.com',NULL,NULL,'2023-12-22 07:50:24.295756','ENABLE',7,374),(769,'admin1@gmail.com',NULL,NULL,'2023-12-22 07:50:24.331964','ENABLE',1,375),(770,'admin1@gmail.com',NULL,NULL,'2023-12-22 07:50:24.353443','ENABLE',7,375),(771,'admin1@gmail.com',NULL,NULL,'2023-12-22 07:50:24.383346','ENABLE',1,376),(772,'admin1@gmail.com',NULL,NULL,'2023-12-22 07:50:24.405636','ENABLE',7,376),(773,'admin1@gmail.com',NULL,NULL,'2023-12-22 07:52:54.262184','ENABLE',1,377),(774,'admin1@gmail.com',NULL,NULL,'2023-12-22 07:52:54.289196','ENABLE',1,378),(775,'admin1@gmail.com',NULL,NULL,'2023-12-22 07:52:54.348477','ENABLE',1,379),(776,'admin1@gmail.com',NULL,NULL,'2023-12-22 07:52:54.381789','ENABLE',1,380),(777,'admin1@gmail.com',NULL,NULL,'2023-12-22 07:52:54.414081','ENABLE',1,381),(778,'admin1@gmail.com',NULL,NULL,'2023-12-22 07:55:36.334222','ENABLE',1,382),(779,'admin1@gmail.com',NULL,NULL,'2023-12-22 07:55:36.354589','ENABLE',1,383),(780,'admin1@gmail.com',NULL,NULL,'2023-12-22 07:55:36.375811','ENABLE',1,384),(781,'admin1@gmail.com',NULL,NULL,'2023-12-22 07:55:36.396705','ENABLE',1,385),(782,'admin1@gmail.com',NULL,NULL,'2023-12-22 07:55:36.419777','ENABLE',1,386),(783,'admin1@gmail.com',NULL,NULL,'2023-12-22 07:58:37.420607','ENABLE',1,387),(784,'admin1@gmail.com',NULL,NULL,'2023-12-22 07:58:37.437666','ENABLE',7,387),(785,'admin1@gmail.com',NULL,NULL,'2023-12-22 07:58:37.458343','ENABLE',1,388),(786,'admin1@gmail.com',NULL,NULL,'2023-12-22 07:58:37.474349','ENABLE',7,388),(787,'admin1@gmail.com',NULL,NULL,'2023-12-22 07:58:37.498994','ENABLE',1,389),(788,'admin1@gmail.com',NULL,NULL,'2023-12-22 07:58:37.515454','ENABLE',7,389),(789,'admin1@gmail.com',NULL,NULL,'2023-12-22 07:58:37.536912','ENABLE',1,390),(790,'admin1@gmail.com',NULL,NULL,'2023-12-22 07:58:37.553259','ENABLE',7,390),(791,'admin1@gmail.com',NULL,NULL,'2023-12-22 08:01:37.633322','ENABLE',1,391),(792,'admin1@gmail.com',NULL,NULL,'2023-12-22 08:01:37.648474','ENABLE',7,391),(793,'admin1@gmail.com',NULL,NULL,'2023-12-22 08:01:37.668697','ENABLE',1,392),(794,'admin1@gmail.com',NULL,NULL,'2023-12-22 08:01:37.684580','ENABLE',7,392),(795,'admin1@gmail.com',NULL,NULL,'2023-12-22 08:01:37.733413','ENABLE',1,393),(796,'admin1@gmail.com',NULL,NULL,'2023-12-22 08:01:37.750875','ENABLE',7,393),(797,'admin1@gmail.com',NULL,NULL,'2023-12-22 08:01:37.778360','ENABLE',1,394),(798,'admin1@gmail.com',NULL,NULL,'2023-12-22 08:01:37.796963','ENABLE',7,394),(799,'admin1@gmail.com',NULL,NULL,'2023-12-22 08:05:31.883949','ENABLE',1,395),(800,'admin1@gmail.com',NULL,NULL,'2023-12-22 08:05:31.900919','ENABLE',7,395),(801,'admin1@gmail.com',NULL,NULL,'2023-12-22 08:05:31.947816','ENABLE',1,396),(802,'admin1@gmail.com',NULL,NULL,'2023-12-22 08:05:31.964982','ENABLE',7,396),(803,'admin1@gmail.com',NULL,NULL,'2023-12-22 08:09:03.663348','ENABLE',1,397),(804,'admin1@gmail.com',NULL,NULL,'2023-12-22 08:09:03.676930','ENABLE',7,397),(805,'admin1@gmail.com',NULL,NULL,'2023-12-22 08:09:03.696049','ENABLE',1,398),(806,'admin1@gmail.com',NULL,NULL,'2023-12-22 08:09:03.710400','ENABLE',7,398),(807,'admin1@gmail.com',NULL,NULL,'2023-12-22 08:09:03.738097','ENABLE',1,399),(808,'admin1@gmail.com',NULL,NULL,'2023-12-22 08:09:03.754460','ENABLE',7,399),(809,'admin1@gmail.com',NULL,NULL,'2023-12-22 08:09:03.780741','ENABLE',1,400),(810,'admin1@gmail.com',NULL,NULL,'2023-12-22 08:09:03.803907','ENABLE',7,400),(811,'admin1@gmail.com',NULL,NULL,'2023-12-22 08:11:59.797167','ENABLE',1,401),(812,'admin1@gmail.com',NULL,NULL,'2023-12-22 08:11:59.817560','ENABLE',7,401),(813,'admin1@gmail.com',NULL,NULL,'2023-12-22 08:11:59.840066','ENABLE',1,402),(814,'admin1@gmail.com',NULL,NULL,'2023-12-22 08:11:59.857629','ENABLE',7,402),(815,'admin1@gmail.com',NULL,NULL,'2023-12-22 08:35:28.059041','ENABLE',1,403),(816,'admin1@gmail.com',NULL,NULL,'2023-12-22 08:35:28.082543','ENABLE',1,404),(817,'admin1@gmail.com',NULL,NULL,'2023-12-22 08:35:28.109369','ENABLE',1,405),(818,'admin1@gmail.com',NULL,NULL,'2023-12-22 08:35:28.130975','ENABLE',1,406),(819,'admin1@gmail.com',NULL,NULL,'2023-12-22 08:38:35.944103','ENABLE',1,407),(820,'admin1@gmail.com',NULL,NULL,'2023-12-22 08:38:35.959676','ENABLE',7,407),(821,'admin1@gmail.com',NULL,NULL,'2023-12-22 08:38:35.977270','ENABLE',1,408),(822,'admin1@gmail.com',NULL,NULL,'2023-12-22 08:38:35.995795','ENABLE',1,409),(823,'admin1@gmail.com',NULL,NULL,'2023-12-22 08:38:36.009387','ENABLE',7,409),(824,'admin1@gmail.com',NULL,NULL,'2023-12-22 08:38:36.028589','ENABLE',1,410);
/*!40000 ALTER TABLE `MovieRoom` ENABLE KEYS */;
UNLOCK TABLES;

--
-- Table structure for table `MovieTimeSetting`
--

DROP TABLE IF EXISTS `MovieTimeSetting`;
/*!40101 SET @saved_cs_client     = @@character_set_client */;
/*!50503 SET character_set_client = utf8mb4 */;
CREATE TABLE `MovieTimeSetting` (
  `Id` bigint NOT NULL AUTO_INCREMENT,
  `CreatedBy` longtext COLLATE utf8mb4_unicode_ci,
  `UpdatedBy` longtext COLLATE utf8mb4_unicode_ci,
  `Updated` datetime(6) DEFAULT NULL,
  `Created` datetime(6) DEFAULT NULL,
  `Status` longtext COLLATE utf8mb4_unicode_ci,
  `Time` longtext COLLATE utf8mb4_unicode_ci,
  `MovieRoomId` bigint DEFAULT NULL,
  `Price` decimal(65,30) NOT NULL DEFAULT '0.000000000000000000000000000000',
  PRIMARY KEY (`Id`),
  KEY `FK_MovieTimeSetting_MovieRoom_MovieRoomId` (`MovieRoomId`),
  CONSTRAINT `FK_MovieTimeSetting_MovieRoom_MovieRoomId` FOREIGN KEY (`MovieRoomId`) REFERENCES `MovieRoom` (`Id`) ON DELETE CASCADE
) ENGINE=InnoDB AUTO_INCREMENT=13650 DEFAULT CHARSET=utf8mb4 COLLATE=utf8mb4_unicode_ci;
/*!40101 SET character_set_client = @saved_cs_client */;

--
-- Dumping data for table `MovieTimeSetting`
--

LOCK TABLES `MovieTimeSetting` WRITE;
/*!40000 ALTER TABLE `MovieTimeSetting` DISABLE KEYS */;
INSERT INTO `MovieTimeSetting` VALUES (12550,'admin1@gmail.com',NULL,NULL,'2023-12-22 07:40:36.174750','ENABLE','06:00',747,34000.000000000000000000000000000000),(12551,'admin1@gmail.com',NULL,NULL,'2023-12-22 07:40:36.203379','ENABLE','05:00',748,34000.000000000000000000000000000000),(12552,'admin1@gmail.com',NULL,NULL,'2023-12-22 07:40:36.218901','ENABLE','06:00',749,34000.000000000000000000000000000000),(12553,'admin1@gmail.com',NULL,NULL,'2023-12-22 07:40:36.231331','ENABLE','05:00',750,34000.000000000000000000000000000000),(12554,'admin1@gmail.com',NULL,NULL,'2023-12-22 07:43:30.610729','ENABLE','01:00',751,55000.000000000000000000000000000000),(12555,'admin1@gmail.com',NULL,NULL,'2023-12-22 07:43:30.610731','ENABLE','02:00',751,55000.000000000000000000000000000000),(12556,'admin1@gmail.com',NULL,NULL,'2023-12-22 07:43:30.621975','ENABLE','01:00',752,55000.000000000000000000000000000000),(12557,'admin1@gmail.com',NULL,NULL,'2023-12-22 07:43:30.621978','ENABLE','02:00',752,55000.000000000000000000000000000000),(12558,'admin1@gmail.com',NULL,NULL,'2023-12-22 07:43:30.638749','ENABLE','01:00',753,55000.000000000000000000000000000000),(12559,'admin1@gmail.com',NULL,NULL,'2023-12-22 07:43:30.638751','ENABLE','02:00',753,55000.000000000000000000000000000000),(12560,'admin1@gmail.com',NULL,NULL,'2023-12-22 07:43:30.651290','ENABLE','01:00',754,55000.000000000000000000000000000000),(12561,'admin1@gmail.com',NULL,NULL,'2023-12-22 07:43:30.651293','ENABLE','02:00',754,55000.000000000000000000000000000000),(12562,'admin1@gmail.com',NULL,NULL,'2023-12-22 07:43:30.671272','ENABLE','01:00',755,55000.000000000000000000000000000000),(12563,'admin1@gmail.com',NULL,NULL,'2023-12-22 07:43:30.671275','ENABLE','02:00',755,55000.000000000000000000000000000000),(12564,'admin1@gmail.com',NULL,NULL,'2023-12-22 07:43:30.683582','ENABLE','01:00',756,55000.000000000000000000000000000000),(12565,'admin1@gmail.com',NULL,NULL,'2023-12-22 07:43:30.683584','ENABLE','02:00',756,55000.000000000000000000000000000000),(12566,'admin1@gmail.com',NULL,NULL,'2023-12-22 07:43:30.700297','ENABLE','01:00',757,55000.000000000000000000000000000000),(12567,'admin1@gmail.com',NULL,NULL,'2023-12-22 07:43:30.700300','ENABLE','02:00',757,55000.000000000000000000000000000000),(12568,'admin1@gmail.com',NULL,NULL,'2023-12-22 07:43:30.713069','ENABLE','01:00',758,55000.000000000000000000000000000000),(12569,'admin1@gmail.com',NULL,NULL,'2023-12-22 07:43:30.713072','ENABLE','02:00',758,55000.000000000000000000000000000000),(12570,'admin1@gmail.com',NULL,NULL,'2023-12-22 07:47:12.980102','ENABLE','00:00',759,80000.000000000000000000000000000000),(12571,'admin1@gmail.com',NULL,NULL,'2023-12-22 07:47:12.980139','ENABLE','21:00',759,80000.000000000000000000000000000000),(12572,'admin1@gmail.com',NULL,NULL,'2023-12-22 07:47:12.980139','ENABLE','20:00',759,80000.000000000000000000000000000000),(12573,'admin1@gmail.com',NULL,NULL,'2023-12-22 07:47:12.980138','ENABLE','19:00',759,80000.000000000000000000000000000000),(12574,'admin1@gmail.com',NULL,NULL,'2023-12-22 07:47:12.980137','ENABLE','18:00',759,80000.000000000000000000000000000000),(12575,'admin1@gmail.com',NULL,NULL,'2023-12-22 07:47:12.980136','ENABLE','17:00',759,80000.000000000000000000000000000000),(12576,'admin1@gmail.com',NULL,NULL,'2023-12-22 07:47:12.980135','ENABLE','16:00',759,80000.000000000000000000000000000000),(12577,'admin1@gmail.com',NULL,NULL,'2023-12-22 07:47:12.980135','ENABLE','15:00',759,80000.000000000000000000000000000000),(12578,'admin1@gmail.com',NULL,NULL,'2023-12-22 07:47:12.980134','ENABLE','14:00',759,80000.000000000000000000000000000000),(12579,'admin1@gmail.com',NULL,NULL,'2023-12-22 07:47:12.980133','ENABLE','13:00',759,80000.000000000000000000000000000000),(12580,'admin1@gmail.com',NULL,NULL,'2023-12-22 07:47:12.980132','ENABLE','12:00',759,80000.000000000000000000000000000000),(12581,'admin1@gmail.com',NULL,NULL,'2023-12-22 07:47:12.980131','ENABLE','11:00',759,80000.000000000000000000000000000000),(12582,'admin1@gmail.com',NULL,NULL,'2023-12-22 07:47:12.980130','ENABLE','10:00',759,80000.000000000000000000000000000000),(12583,'admin1@gmail.com',NULL,NULL,'2023-12-22 07:47:12.980123','ENABLE','09:00',759,80000.000000000000000000000000000000),(12584,'admin1@gmail.com',NULL,NULL,'2023-12-22 07:47:12.980113','ENABLE','08:00',759,80000.000000000000000000000000000000),(12585,'admin1@gmail.com',NULL,NULL,'2023-12-22 07:47:12.980111','ENABLE','07:00',759,80000.000000000000000000000000000000),(12586,'admin1@gmail.com',NULL,NULL,'2023-12-22 07:47:12.980110','ENABLE','06:00',759,80000.000000000000000000000000000000),(12587,'admin1@gmail.com',NULL,NULL,'2023-12-22 07:47:12.980109','ENABLE','05:00',759,80000.000000000000000000000000000000),(12588,'admin1@gmail.com',NULL,NULL,'2023-12-22 07:47:12.980108','ENABLE','04:00',759,80000.000000000000000000000000000000),(12589,'admin1@gmail.com',NULL,NULL,'2023-12-22 07:47:12.980107','ENABLE','03:00',759,80000.000000000000000000000000000000),(12590,'admin1@gmail.com',NULL,NULL,'2023-12-22 07:47:12.980105','ENABLE','02:00',759,80000.000000000000000000000000000000),(12591,'admin1@gmail.com',NULL,NULL,'2023-12-22 07:47:12.980104','ENABLE','01:00',759,80000.000000000000000000000000000000),(12592,'admin1@gmail.com',NULL,NULL,'2023-12-22 07:47:12.980140','ENABLE','22:00',759,80000.000000000000000000000000000000),(12593,'admin1@gmail.com',NULL,NULL,'2023-12-22 07:47:12.980141','ENABLE','23:00',759,80000.000000000000000000000000000000),(12594,'admin1@gmail.com',NULL,NULL,'2023-12-22 07:47:13.059751','ENABLE','00:00',760,80000.000000000000000000000000000000),(12595,'admin1@gmail.com',NULL,NULL,'2023-12-22 07:47:13.059773','ENABLE','21:00',760,80000.000000000000000000000000000000),(12596,'admin1@gmail.com',NULL,NULL,'2023-12-22 07:47:13.059772','ENABLE','20:00',760,80000.000000000000000000000000000000),(12597,'admin1@gmail.com',NULL,NULL,'2023-12-22 07:47:13.059771','ENABLE','19:00',760,80000.000000000000000000000000000000),(12598,'admin1@gmail.com',NULL,NULL,'2023-12-22 07:47:13.059771','ENABLE','18:00',760,80000.000000000000000000000000000000),(12599,'admin1@gmail.com',NULL,NULL,'2023-12-22 07:47:13.059770','ENABLE','17:00',760,80000.000000000000000000000000000000),(12600,'admin1@gmail.com',NULL,NULL,'2023-12-22 07:47:13.059769','ENABLE','16:00',760,80000.000000000000000000000000000000),(12601,'admin1@gmail.com',NULL,NULL,'2023-12-22 07:47:13.059768','ENABLE','15:00',760,80000.000000000000000000000000000000),(12602,'admin1@gmail.com',NULL,NULL,'2023-12-22 07:47:13.059767','ENABLE','14:00',760,80000.000000000000000000000000000000),(12603,'admin1@gmail.com',NULL,NULL,'2023-12-22 07:47:13.059766','ENABLE','13:00',760,80000.000000000000000000000000000000),(12604,'admin1@gmail.com',NULL,NULL,'2023-12-22 07:47:13.059763','ENABLE','12:00',760,80000.000000000000000000000000000000),(12605,'admin1@gmail.com',NULL,NULL,'2023-12-22 07:47:13.059762','ENABLE','11:00',760,80000.000000000000000000000000000000),(12606,'admin1@gmail.com',NULL,NULL,'2023-12-22 07:47:13.059761','ENABLE','10:00',760,80000.000000000000000000000000000000),(12607,'admin1@gmail.com',NULL,NULL,'2023-12-22 07:47:13.059760','ENABLE','09:00',760,80000.000000000000000000000000000000),(12608,'admin1@gmail.com',NULL,NULL,'2023-12-22 07:47:13.059760','ENABLE','08:00',760,80000.000000000000000000000000000000),(12609,'admin1@gmail.com',NULL,NULL,'2023-12-22 07:47:13.059759','ENABLE','07:00',760,80000.000000000000000000000000000000),(12610,'admin1@gmail.com',NULL,NULL,'2023-12-22 07:47:13.059758','ENABLE','06:00',760,80000.000000000000000000000000000000),(12611,'admin1@gmail.com',NULL,NULL,'2023-12-22 07:47:13.059757','ENABLE','05:00',760,80000.000000000000000000000000000000),(12612,'admin1@gmail.com',NULL,NULL,'2023-12-22 07:47:13.059757','ENABLE','04:00',760,80000.000000000000000000000000000000),(12613,'admin1@gmail.com',NULL,NULL,'2023-12-22 07:47:13.059756','ENABLE','03:00',760,80000.000000000000000000000000000000),(12614,'admin1@gmail.com',NULL,NULL,'2023-12-22 07:47:13.059755','ENABLE','02:00',760,80000.000000000000000000000000000000),(12615,'admin1@gmail.com',NULL,NULL,'2023-12-22 07:47:13.059754','ENABLE','01:00',760,80000.000000000000000000000000000000),(12616,'admin1@gmail.com',NULL,NULL,'2023-12-22 07:47:13.059774','ENABLE','22:00',760,80000.000000000000000000000000000000),(12617,'admin1@gmail.com',NULL,NULL,'2023-12-22 07:47:13.059775','ENABLE','23:00',760,80000.000000000000000000000000000000),(12618,'admin1@gmail.com',NULL,NULL,'2023-12-22 07:50:24.150186','ENABLE','00:00',761,78000.000000000000000000000000000000),(12619,'admin1@gmail.com',NULL,NULL,'2023-12-22 07:50:24.150220','ENABLE','21:00',761,78000.000000000000000000000000000000),(12620,'admin1@gmail.com',NULL,NULL,'2023-12-22 07:50:24.150219','ENABLE','20:00',761,78000.000000000000000000000000000000),(12621,'admin1@gmail.com',NULL,NULL,'2023-12-22 07:50:24.150218','ENABLE','19:00',761,78000.000000000000000000000000000000),(12622,'admin1@gmail.com',NULL,NULL,'2023-12-22 07:50:24.150217','ENABLE','18:00',761,78000.000000000000000000000000000000),(12623,'admin1@gmail.com',NULL,NULL,'2023-12-22 07:50:24.150216','ENABLE','17:00',761,78000.000000000000000000000000000000),(12624,'admin1@gmail.com',NULL,NULL,'2023-12-22 07:50:24.150215','ENABLE','16:00',761,78000.000000000000000000000000000000),(12625,'admin1@gmail.com',NULL,NULL,'2023-12-22 07:50:24.150214','ENABLE','15:00',761,78000.000000000000000000000000000000),(12626,'admin1@gmail.com',NULL,NULL,'2023-12-22 07:50:24.150199','ENABLE','14:00',761,78000.000000000000000000000000000000),(12627,'admin1@gmail.com',NULL,NULL,'2023-12-22 07:50:24.150198','ENABLE','13:00',761,78000.000000000000000000000000000000),(12628,'admin1@gmail.com',NULL,NULL,'2023-12-22 07:50:24.150197','ENABLE','12:00',761,78000.000000000000000000000000000000),(12629,'admin1@gmail.com',NULL,NULL,'2023-12-22 07:50:24.150197','ENABLE','11:00',761,78000.000000000000000000000000000000),(12630,'admin1@gmail.com',NULL,NULL,'2023-12-22 07:50:24.150196','ENABLE','10:00',761,78000.000000000000000000000000000000),(12631,'admin1@gmail.com',NULL,NULL,'2023-12-22 07:50:24.150195','ENABLE','09:00',761,78000.000000000000000000000000000000),(12632,'admin1@gmail.com',NULL,NULL,'2023-12-22 07:50:24.150194','ENABLE','08:00',761,78000.000000000000000000000000000000),(12633,'admin1@gmail.com',NULL,NULL,'2023-12-22 07:50:24.150193','ENABLE','07:00',761,78000.000000000000000000000000000000),(12634,'admin1@gmail.com',NULL,NULL,'2023-12-22 07:50:24.150193','ENABLE','06:00',761,78000.000000000000000000000000000000),(12635,'admin1@gmail.com',NULL,NULL,'2023-12-22 07:50:24.150192','ENABLE','05:00',761,78000.000000000000000000000000000000),(12636,'admin1@gmail.com',NULL,NULL,'2023-12-22 07:50:24.150191','ENABLE','04:00',761,78000.000000000000000000000000000000),(12637,'admin1@gmail.com',NULL,NULL,'2023-12-22 07:50:24.150190','ENABLE','03:00',761,78000.000000000000000000000000000000),(12638,'admin1@gmail.com',NULL,NULL,'2023-12-22 07:50:24.150189','ENABLE','02:00',761,78000.000000000000000000000000000000),(12639,'admin1@gmail.com',NULL,NULL,'2023-12-22 07:50:24.150189','ENABLE','01:00',761,78000.000000000000000000000000000000),(12640,'admin1@gmail.com',NULL,NULL,'2023-12-22 07:50:24.150220','ENABLE','22:00',761,78000.000000000000000000000000000000),(12641,'admin1@gmail.com',NULL,NULL,'2023-12-22 07:50:24.150221','ENABLE','23:00',761,78000.000000000000000000000000000000),(12642,'admin1@gmail.com',NULL,NULL,'2023-12-22 07:50:24.165578','ENABLE','00:00',762,78000.000000000000000000000000000000),(12643,'admin1@gmail.com',NULL,NULL,'2023-12-22 07:50:24.165617','ENABLE','21:00',762,78000.000000000000000000000000000000),(12644,'admin1@gmail.com',NULL,NULL,'2023-12-22 07:50:24.165616','ENABLE','20:00',762,78000.000000000000000000000000000000),(12645,'admin1@gmail.com',NULL,NULL,'2023-12-22 07:50:24.165615','ENABLE','19:00',762,78000.000000000000000000000000000000),(12646,'admin1@gmail.com',NULL,NULL,'2023-12-22 07:50:24.165614','ENABLE','18:00',762,78000.000000000000000000000000000000),(12647,'admin1@gmail.com',NULL,NULL,'2023-12-22 07:50:24.165614','ENABLE','17:00',762,78000.000000000000000000000000000000),(12648,'admin1@gmail.com',NULL,NULL,'2023-12-22 07:50:24.165613','ENABLE','16:00',762,78000.000000000000000000000000000000),(12649,'admin1@gmail.com',NULL,NULL,'2023-12-22 07:50:24.165612','ENABLE','15:00',762,78000.000000000000000000000000000000),(12650,'admin1@gmail.com',NULL,NULL,'2023-12-22 07:50:24.165611','ENABLE','14:00',762,78000.000000000000000000000000000000),(12651,'admin1@gmail.com',NULL,NULL,'2023-12-22 07:50:24.165610','ENABLE','13:00',762,78000.000000000000000000000000000000),(12652,'admin1@gmail.com',NULL,NULL,'2023-12-22 07:50:24.165609','ENABLE','12:00',762,78000.000000000000000000000000000000),(12653,'admin1@gmail.com',NULL,NULL,'2023-12-22 07:50:24.165608','ENABLE','11:00',762,78000.000000000000000000000000000000),(12654,'admin1@gmail.com',NULL,NULL,'2023-12-22 07:50:24.165607','ENABLE','10:00',762,78000.000000000000000000000000000000),(12655,'admin1@gmail.com',NULL,NULL,'2023-12-22 07:50:24.165606','ENABLE','09:00',762,78000.000000000000000000000000000000),(12656,'admin1@gmail.com',NULL,NULL,'2023-12-22 07:50:24.165585','ENABLE','08:00',762,78000.000000000000000000000000000000),(12657,'admin1@gmail.com',NULL,NULL,'2023-12-22 07:50:24.165585','ENABLE','07:00',762,78000.000000000000000000000000000000),(12658,'admin1@gmail.com',NULL,NULL,'2023-12-22 07:50:24.165584','ENABLE','06:00',762,78000.000000000000000000000000000000),(12659,'admin1@gmail.com',NULL,NULL,'2023-12-22 07:50:24.165583','ENABLE','05:00',762,78000.000000000000000000000000000000),(12660,'admin1@gmail.com',NULL,NULL,'2023-12-22 07:50:24.165582','ENABLE','04:00',762,78000.000000000000000000000000000000),(12661,'admin1@gmail.com',NULL,NULL,'2023-12-22 07:50:24.165582','ENABLE','03:00',762,78000.000000000000000000000000000000),(12662,'admin1@gmail.com',NULL,NULL,'2023-12-22 07:50:24.165581','ENABLE','02:00',762,78000.000000000000000000000000000000),(12663,'admin1@gmail.com',NULL,NULL,'2023-12-22 07:50:24.165580','ENABLE','01:00',762,78000.000000000000000000000000000000),(12664,'admin1@gmail.com',NULL,NULL,'2023-12-22 07:50:24.165617','ENABLE','22:00',762,78000.000000000000000000000000000000),(12665,'admin1@gmail.com',NULL,NULL,'2023-12-22 07:50:24.165618','ENABLE','23:00',762,78000.000000000000000000000000000000),(12666,'admin1@gmail.com',NULL,NULL,'2023-12-22 07:50:24.188193','ENABLE','00:00',763,78000.000000000000000000000000000000),(12667,'admin1@gmail.com',NULL,NULL,'2023-12-22 07:50:24.188212','ENABLE','21:00',763,78000.000000000000000000000000000000),(12668,'admin1@gmail.com',NULL,NULL,'2023-12-22 07:50:24.188211','ENABLE','20:00',763,78000.000000000000000000000000000000),(12669,'admin1@gmail.com',NULL,NULL,'2023-12-22 07:50:24.188210','ENABLE','19:00',763,78000.000000000000000000000000000000),(12670,'admin1@gmail.com',NULL,NULL,'2023-12-22 07:50:24.188210','ENABLE','18:00',763,78000.000000000000000000000000000000),(12671,'admin1@gmail.com',NULL,NULL,'2023-12-22 07:50:24.188209','ENABLE','17:00',763,78000.000000000000000000000000000000),(12672,'admin1@gmail.com',NULL,NULL,'2023-12-22 07:50:24.188208','ENABLE','16:00',763,78000.000000000000000000000000000000),(12673,'admin1@gmail.com',NULL,NULL,'2023-12-22 07:50:24.188207','ENABLE','15:00',763,78000.000000000000000000000000000000),(12674,'admin1@gmail.com',NULL,NULL,'2023-12-22 07:50:24.188206','ENABLE','14:00',763,78000.000000000000000000000000000000),(12675,'admin1@gmail.com',NULL,NULL,'2023-12-22 07:50:24.188206','ENABLE','13:00',763,78000.000000000000000000000000000000),(12676,'admin1@gmail.com',NULL,NULL,'2023-12-22 07:50:24.188205','ENABLE','12:00',763,78000.000000000000000000000000000000),(12677,'admin1@gmail.com',NULL,NULL,'2023-12-22 07:50:24.188204','ENABLE','11:00',763,78000.000000000000000000000000000000),(12678,'admin1@gmail.com',NULL,NULL,'2023-12-22 07:50:24.188203','ENABLE','10:00',763,78000.000000000000000000000000000000),(12679,'admin1@gmail.com',NULL,NULL,'2023-12-22 07:50:24.188202','ENABLE','09:00',763,78000.000000000000000000000000000000),(12680,'admin1@gmail.com',NULL,NULL,'2023-12-22 07:50:24.188202','ENABLE','08:00',763,78000.000000000000000000000000000000),(12681,'admin1@gmail.com',NULL,NULL,'2023-12-22 07:50:24.188201','ENABLE','07:00',763,78000.000000000000000000000000000000),(12682,'admin1@gmail.com',NULL,NULL,'2023-12-22 07:50:24.188200','ENABLE','06:00',763,78000.000000000000000000000000000000),(12683,'admin1@gmail.com',NULL,NULL,'2023-12-22 07:50:24.188199','ENABLE','05:00',763,78000.000000000000000000000000000000),(12684,'admin1@gmail.com',NULL,NULL,'2023-12-22 07:50:24.188198','ENABLE','04:00',763,78000.000000000000000000000000000000),(12685,'admin1@gmail.com',NULL,NULL,'2023-12-22 07:50:24.188198','ENABLE','03:00',763,78000.000000000000000000000000000000),(12686,'admin1@gmail.com',NULL,NULL,'2023-12-22 07:50:24.188197','ENABLE','02:00',763,78000.000000000000000000000000000000),(12687,'admin1@gmail.com',NULL,NULL,'2023-12-22 07:50:24.188196','ENABLE','01:00',763,78000.000000000000000000000000000000),(12688,'admin1@gmail.com',NULL,NULL,'2023-12-22 07:50:24.188213','ENABLE','22:00',763,78000.000000000000000000000000000000),(12689,'admin1@gmail.com',NULL,NULL,'2023-12-22 07:50:24.188214','ENABLE','23:00',763,78000.000000000000000000000000000000),(12690,'admin1@gmail.com',NULL,NULL,'2023-12-22 07:50:24.204815','ENABLE','00:00',764,78000.000000000000000000000000000000),(12691,'admin1@gmail.com',NULL,NULL,'2023-12-22 07:50:24.204834','ENABLE','21:00',764,78000.000000000000000000000000000000),(12692,'admin1@gmail.com',NULL,NULL,'2023-12-22 07:50:24.204833','ENABLE','20:00',764,78000.000000000000000000000000000000),(12693,'admin1@gmail.com',NULL,NULL,'2023-12-22 07:50:24.204832','ENABLE','19:00',764,78000.000000000000000000000000000000),(12694,'admin1@gmail.com',NULL,NULL,'2023-12-22 07:50:24.204831','ENABLE','18:00',764,78000.000000000000000000000000000000),(12695,'admin1@gmail.com',NULL,NULL,'2023-12-22 07:50:24.204830','ENABLE','17:00',764,78000.000000000000000000000000000000),(12696,'admin1@gmail.com',NULL,NULL,'2023-12-22 07:50:24.204830','ENABLE','16:00',764,78000.000000000000000000000000000000),(12697,'admin1@gmail.com',NULL,NULL,'2023-12-22 07:50:24.204829','ENABLE','15:00',764,78000.000000000000000000000000000000),(12698,'admin1@gmail.com',NULL,NULL,'2023-12-22 07:50:24.204828','ENABLE','14:00',764,78000.000000000000000000000000000000),(12699,'admin1@gmail.com',NULL,NULL,'2023-12-22 07:50:24.204827','ENABLE','13:00',764,78000.000000000000000000000000000000),(12700,'admin1@gmail.com',NULL,NULL,'2023-12-22 07:50:24.204826','ENABLE','12:00',764,78000.000000000000000000000000000000),(12701,'admin1@gmail.com',NULL,NULL,'2023-12-22 07:50:24.204826','ENABLE','11:00',764,78000.000000000000000000000000000000),(12702,'admin1@gmail.com',NULL,NULL,'2023-12-22 07:50:24.204825','ENABLE','10:00',764,78000.000000000000000000000000000000),(12703,'admin1@gmail.com',NULL,NULL,'2023-12-22 07:50:24.204824','ENABLE','09:00',764,78000.000000000000000000000000000000),(12704,'admin1@gmail.com',NULL,NULL,'2023-12-22 07:50:24.204823','ENABLE','08:00',764,78000.000000000000000000000000000000),(12705,'admin1@gmail.com',NULL,NULL,'2023-12-22 07:50:24.204822','ENABLE','07:00',764,78000.000000000000000000000000000000),(12706,'admin1@gmail.com',NULL,NULL,'2023-12-22 07:50:24.204822','ENABLE','06:00',764,78000.000000000000000000000000000000),(12707,'admin1@gmail.com',NULL,NULL,'2023-12-22 07:50:24.204821','ENABLE','05:00',764,78000.000000000000000000000000000000),(12708,'admin1@gmail.com',NULL,NULL,'2023-12-22 07:50:24.204820','ENABLE','04:00',764,78000.000000000000000000000000000000),(12709,'admin1@gmail.com',NULL,NULL,'2023-12-22 07:50:24.204819','ENABLE','03:00',764,78000.000000000000000000000000000000),(12710,'admin1@gmail.com',NULL,NULL,'2023-12-22 07:50:24.204818','ENABLE','02:00',764,78000.000000000000000000000000000000),(12711,'admin1@gmail.com',NULL,NULL,'2023-12-22 07:50:24.204818','ENABLE','01:00',764,78000.000000000000000000000000000000),(12712,'admin1@gmail.com',NULL,NULL,'2023-12-22 07:50:24.204847','ENABLE','22:00',764,78000.000000000000000000000000000000),(12713,'admin1@gmail.com',NULL,NULL,'2023-12-22 07:50:24.204849','ENABLE','23:00',764,78000.000000000000000000000000000000),(12714,'admin1@gmail.com',NULL,NULL,'2023-12-22 07:50:24.235371','ENABLE','00:00',765,78000.000000000000000000000000000000),(12715,'admin1@gmail.com',NULL,NULL,'2023-12-22 07:50:24.235401','ENABLE','21:00',765,78000.000000000000000000000000000000),(12716,'admin1@gmail.com',NULL,NULL,'2023-12-22 07:50:24.235400','ENABLE','20:00',765,78000.000000000000000000000000000000),(12717,'admin1@gmail.com',NULL,NULL,'2023-12-22 07:50:24.235400','ENABLE','19:00',765,78000.000000000000000000000000000000),(12718,'admin1@gmail.com',NULL,NULL,'2023-12-22 07:50:24.235399','ENABLE','18:00',765,78000.000000000000000000000000000000),(12719,'admin1@gmail.com',NULL,NULL,'2023-12-22 07:50:24.235398','ENABLE','17:00',765,78000.000000000000000000000000000000),(12720,'admin1@gmail.com',NULL,NULL,'2023-12-22 07:50:24.235397','ENABLE','16:00',765,78000.000000000000000000000000000000),(12721,'admin1@gmail.com',NULL,NULL,'2023-12-22 07:50:24.235396','ENABLE','15:00',765,78000.000000000000000000000000000000),(12722,'admin1@gmail.com',NULL,NULL,'2023-12-22 07:50:24.235396','ENABLE','14:00',765,78000.000000000000000000000000000000),(12723,'admin1@gmail.com',NULL,NULL,'2023-12-22 07:50:24.235395','ENABLE','13:00',765,78000.000000000000000000000000000000),(12724,'admin1@gmail.com',NULL,NULL,'2023-12-22 07:50:24.235394','ENABLE','12:00',765,78000.000000000000000000000000000000),(12725,'admin1@gmail.com',NULL,NULL,'2023-12-22 07:50:24.235393','ENABLE','11:00',765,78000.000000000000000000000000000000),(12726,'admin1@gmail.com',NULL,NULL,'2023-12-22 07:50:24.235392','ENABLE','10:00',765,78000.000000000000000000000000000000),(12727,'admin1@gmail.com',NULL,NULL,'2023-12-22 07:50:24.235380','ENABLE','09:00',765,78000.000000000000000000000000000000),(12728,'admin1@gmail.com',NULL,NULL,'2023-12-22 07:50:24.235379','ENABLE','08:00',765,78000.000000000000000000000000000000),(12729,'admin1@gmail.com',NULL,NULL,'2023-12-22 07:50:24.235378','ENABLE','07:00',765,78000.000000000000000000000000000000),(12730,'admin1@gmail.com',NULL,NULL,'2023-12-22 07:50:24.235378','ENABLE','06:00',765,78000.000000000000000000000000000000),(12731,'admin1@gmail.com',NULL,NULL,'2023-12-22 07:50:24.235377','ENABLE','05:00',765,78000.000000000000000000000000000000),(12732,'admin1@gmail.com',NULL,NULL,'2023-12-22 07:50:24.235376','ENABLE','04:00',765,78000.000000000000000000000000000000),(12733,'admin1@gmail.com',NULL,NULL,'2023-12-22 07:50:24.235375','ENABLE','03:00',765,78000.000000000000000000000000000000),(12734,'admin1@gmail.com',NULL,NULL,'2023-12-22 07:50:24.235374','ENABLE','02:00',765,78000.000000000000000000000000000000),(12735,'admin1@gmail.com',NULL,NULL,'2023-12-22 07:50:24.235374','ENABLE','01:00',765,78000.000000000000000000000000000000),(12736,'admin1@gmail.com',NULL,NULL,'2023-12-22 07:50:24.235402','ENABLE','22:00',765,78000.000000000000000000000000000000),(12737,'admin1@gmail.com',NULL,NULL,'2023-12-22 07:50:24.235403','ENABLE','23:00',765,78000.000000000000000000000000000000),(12738,'admin1@gmail.com',NULL,NULL,'2023-12-22 07:50:24.254448','ENABLE','00:00',766,78000.000000000000000000000000000000),(12739,'admin1@gmail.com',NULL,NULL,'2023-12-22 07:50:24.254482','ENABLE','21:00',766,78000.000000000000000000000000000000),(12740,'admin1@gmail.com',NULL,NULL,'2023-12-22 07:50:24.254480','ENABLE','20:00',766,78000.000000000000000000000000000000),(12741,'admin1@gmail.com',NULL,NULL,'2023-12-22 07:50:24.254479','ENABLE','19:00',766,78000.000000000000000000000000000000),(12742,'admin1@gmail.com',NULL,NULL,'2023-12-22 07:50:24.254478','ENABLE','18:00',766,78000.000000000000000000000000000000),(12743,'admin1@gmail.com',NULL,NULL,'2023-12-22 07:50:24.254476','ENABLE','17:00',766,78000.000000000000000000000000000000),(12744,'admin1@gmail.com',NULL,NULL,'2023-12-22 07:50:24.254475','ENABLE','16:00',766,78000.000000000000000000000000000000),(12745,'admin1@gmail.com',NULL,NULL,'2023-12-22 07:50:24.254473','ENABLE','15:00',766,78000.000000000000000000000000000000),(12746,'admin1@gmail.com',NULL,NULL,'2023-12-22 07:50:24.254472','ENABLE','14:00',766,78000.000000000000000000000000000000),(12747,'admin1@gmail.com',NULL,NULL,'2023-12-22 07:50:24.254471','ENABLE','13:00',766,78000.000000000000000000000000000000),(12748,'admin1@gmail.com',NULL,NULL,'2023-12-22 07:50:24.254469','ENABLE','12:00',766,78000.000000000000000000000000000000),(12749,'admin1@gmail.com',NULL,NULL,'2023-12-22 07:50:24.254468','ENABLE','11:00',766,78000.000000000000000000000000000000),(12750,'admin1@gmail.com',NULL,NULL,'2023-12-22 07:50:24.254467','ENABLE','10:00',766,78000.000000000000000000000000000000),(12751,'admin1@gmail.com',NULL,NULL,'2023-12-22 07:50:24.254465','ENABLE','09:00',766,78000.000000000000000000000000000000),(12752,'admin1@gmail.com',NULL,NULL,'2023-12-22 07:50:24.254464','ENABLE','08:00',766,78000.000000000000000000000000000000),(12753,'admin1@gmail.com',NULL,NULL,'2023-12-22 07:50:24.254463','ENABLE','07:00',766,78000.000000000000000000000000000000),(12754,'admin1@gmail.com',NULL,NULL,'2023-12-22 07:50:24.254461','ENABLE','06:00',766,78000.000000000000000000000000000000),(12755,'admin1@gmail.com',NULL,NULL,'2023-12-22 07:50:24.254460','ENABLE','05:00',766,78000.000000000000000000000000000000),(12756,'admin1@gmail.com',NULL,NULL,'2023-12-22 07:50:24.254459','ENABLE','04:00',766,78000.000000000000000000000000000000),(12757,'admin1@gmail.com',NULL,NULL,'2023-12-22 07:50:24.254457','ENABLE','03:00',766,78000.000000000000000000000000000000),(12758,'admin1@gmail.com',NULL,NULL,'2023-12-22 07:50:24.254456','ENABLE','02:00',766,78000.000000000000000000000000000000),(12759,'admin1@gmail.com',NULL,NULL,'2023-12-22 07:50:24.254454','ENABLE','01:00',766,78000.000000000000000000000000000000),(12760,'admin1@gmail.com',NULL,NULL,'2023-12-22 07:50:24.254483','ENABLE','22:00',766,78000.000000000000000000000000000000),(12761,'admin1@gmail.com',NULL,NULL,'2023-12-22 07:50:24.254484','ENABLE','23:00',766,78000.000000000000000000000000000000),(12762,'admin1@gmail.com',NULL,NULL,'2023-12-22 07:50:24.282216','ENABLE','00:00',767,78000.000000000000000000000000000000),(12763,'admin1@gmail.com',NULL,NULL,'2023-12-22 07:50:24.282248','ENABLE','21:00',767,78000.000000000000000000000000000000),(12764,'admin1@gmail.com',NULL,NULL,'2023-12-22 07:50:24.282247','ENABLE','20:00',767,78000.000000000000000000000000000000),(12765,'admin1@gmail.com',NULL,NULL,'2023-12-22 07:50:24.282246','ENABLE','19:00',767,78000.000000000000000000000000000000),(12766,'admin1@gmail.com',NULL,NULL,'2023-12-22 07:50:24.282232','ENABLE','18:00',767,78000.000000000000000000000000000000),(12767,'admin1@gmail.com',NULL,NULL,'2023-12-22 07:50:24.282232','ENABLE','17:00',767,78000.000000000000000000000000000000),(12768,'admin1@gmail.com',NULL,NULL,'2023-12-22 07:50:24.282231','ENABLE','16:00',767,78000.000000000000000000000000000000),(12769,'admin1@gmail.com',NULL,NULL,'2023-12-22 07:50:24.282230','ENABLE','15:00',767,78000.000000000000000000000000000000),(12770,'admin1@gmail.com',NULL,NULL,'2023-12-22 07:50:24.282229','ENABLE','14:00',767,78000.000000000000000000000000000000),(12771,'admin1@gmail.com',NULL,NULL,'2023-12-22 07:50:24.282228','ENABLE','13:00',767,78000.000000000000000000000000000000),(12772,'admin1@gmail.com',NULL,NULL,'2023-12-22 07:50:24.282227','ENABLE','12:00',767,78000.000000000000000000000000000000),(12773,'admin1@gmail.com',NULL,NULL,'2023-12-22 07:50:24.282227','ENABLE','11:00',767,78000.000000000000000000000000000000),(12774,'admin1@gmail.com',NULL,NULL,'2023-12-22 07:50:24.282226','ENABLE','10:00',767,78000.000000000000000000000000000000),(12775,'admin1@gmail.com',NULL,NULL,'2023-12-22 07:50:24.282225','ENABLE','09:00',767,78000.000000000000000000000000000000),(12776,'admin1@gmail.com',NULL,NULL,'2023-12-22 07:50:24.282224','ENABLE','08:00',767,78000.000000000000000000000000000000),(12777,'admin1@gmail.com',NULL,NULL,'2023-12-22 07:50:24.282224','ENABLE','07:00',767,78000.000000000000000000000000000000),(12778,'admin1@gmail.com',NULL,NULL,'2023-12-22 07:50:24.282223','ENABLE','06:00',767,78000.000000000000000000000000000000),(12779,'admin1@gmail.com',NULL,NULL,'2023-12-22 07:50:24.282222','ENABLE','05:00',767,78000.000000000000000000000000000000),(12780,'admin1@gmail.com',NULL,NULL,'2023-12-22 07:50:24.282221','ENABLE','04:00',767,78000.000000000000000000000000000000),(12781,'admin1@gmail.com',NULL,NULL,'2023-12-22 07:50:24.282220','ENABLE','03:00',767,78000.000000000000000000000000000000),(12782,'admin1@gmail.com',NULL,NULL,'2023-12-22 07:50:24.282219','ENABLE','02:00',767,78000.000000000000000000000000000000),(12783,'admin1@gmail.com',NULL,NULL,'2023-12-22 07:50:24.282219','ENABLE','01:00',767,78000.000000000000000000000000000000),(12784,'admin1@gmail.com',NULL,NULL,'2023-12-22 07:50:24.282248','ENABLE','22:00',767,78000.000000000000000000000000000000),(12785,'admin1@gmail.com',NULL,NULL,'2023-12-22 07:50:24.282249','ENABLE','23:00',767,78000.000000000000000000000000000000),(12786,'admin1@gmail.com',NULL,NULL,'2023-12-22 07:50:24.303759','ENABLE','00:00',768,78000.000000000000000000000000000000),(12787,'admin1@gmail.com',NULL,NULL,'2023-12-22 07:50:24.303778','ENABLE','21:00',768,78000.000000000000000000000000000000),(12788,'admin1@gmail.com',NULL,NULL,'2023-12-22 07:50:24.303777','ENABLE','20:00',768,78000.000000000000000000000000000000),(12789,'admin1@gmail.com',NULL,NULL,'2023-12-22 07:50:24.303776','ENABLE','19:00',768,78000.000000000000000000000000000000),(12790,'admin1@gmail.com',NULL,NULL,'2023-12-22 07:50:24.303775','ENABLE','18:00',768,78000.000000000000000000000000000000),(12791,'admin1@gmail.com',NULL,NULL,'2023-12-22 07:50:24.303774','ENABLE','17:00',768,78000.000000000000000000000000000000),(12792,'admin1@gmail.com',NULL,NULL,'2023-12-22 07:50:24.303774','ENABLE','16:00',768,78000.000000000000000000000000000000),(12793,'admin1@gmail.com',NULL,NULL,'2023-12-22 07:50:24.303773','ENABLE','15:00',768,78000.000000000000000000000000000000),(12794,'admin1@gmail.com',NULL,NULL,'2023-12-22 07:50:24.303772','ENABLE','14:00',768,78000.000000000000000000000000000000),(12795,'admin1@gmail.com',NULL,NULL,'2023-12-22 07:50:24.303771','ENABLE','13:00',768,78000.000000000000000000000000000000),(12796,'admin1@gmail.com',NULL,NULL,'2023-12-22 07:50:24.303770','ENABLE','12:00',768,78000.000000000000000000000000000000),(12797,'admin1@gmail.com',NULL,NULL,'2023-12-22 07:50:24.303769','ENABLE','11:00',768,78000.000000000000000000000000000000),(12798,'admin1@gmail.com',NULL,NULL,'2023-12-22 07:50:24.303768','ENABLE','10:00',768,78000.000000000000000000000000000000),(12799,'admin1@gmail.com',NULL,NULL,'2023-12-22 07:50:24.303768','ENABLE','09:00',768,78000.000000000000000000000000000000),(12800,'admin1@gmail.com',NULL,NULL,'2023-12-22 07:50:24.303767','ENABLE','08:00',768,78000.000000000000000000000000000000),(12801,'admin1@gmail.com',NULL,NULL,'2023-12-22 07:50:24.303766','ENABLE','07:00',768,78000.000000000000000000000000000000),(12802,'admin1@gmail.com',NULL,NULL,'2023-12-22 07:50:24.303765','ENABLE','06:00',768,78000.000000000000000000000000000000),(12803,'admin1@gmail.com',NULL,NULL,'2023-12-22 07:50:24.303764','ENABLE','05:00',768,78000.000000000000000000000000000000),(12804,'admin1@gmail.com',NULL,NULL,'2023-12-22 07:50:24.303764','ENABLE','04:00',768,78000.000000000000000000000000000000),(12805,'admin1@gmail.com',NULL,NULL,'2023-12-22 07:50:24.303763','ENABLE','03:00',768,78000.000000000000000000000000000000),(12806,'admin1@gmail.com',NULL,NULL,'2023-12-22 07:50:24.303762','ENABLE','02:00',768,78000.000000000000000000000000000000),(12807,'admin1@gmail.com',NULL,NULL,'2023-12-22 07:50:24.303761','ENABLE','01:00',768,78000.000000000000000000000000000000),(12808,'admin1@gmail.com',NULL,NULL,'2023-12-22 07:50:24.303779','ENABLE','22:00',768,78000.000000000000000000000000000000),(12809,'admin1@gmail.com',NULL,NULL,'2023-12-22 07:50:24.303780','ENABLE','23:00',768,78000.000000000000000000000000000000),(12810,'admin1@gmail.com',NULL,NULL,'2023-12-22 07:50:24.339298','ENABLE','00:00',769,78000.000000000000000000000000000000),(12811,'admin1@gmail.com',NULL,NULL,'2023-12-22 07:50:24.339316','ENABLE','21:00',769,78000.000000000000000000000000000000),(12812,'admin1@gmail.com',NULL,NULL,'2023-12-22 07:50:24.339315','ENABLE','20:00',769,78000.000000000000000000000000000000),(12813,'admin1@gmail.com',NULL,NULL,'2023-12-22 07:50:24.339314','ENABLE','19:00',769,78000.000000000000000000000000000000),(12814,'admin1@gmail.com',NULL,NULL,'2023-12-22 07:50:24.339313','ENABLE','18:00',769,78000.000000000000000000000000000000),(12815,'admin1@gmail.com',NULL,NULL,'2023-12-22 07:50:24.339313','ENABLE','17:00',769,78000.000000000000000000000000000000),(12816,'admin1@gmail.com',NULL,NULL,'2023-12-22 07:50:24.339312','ENABLE','16:00',769,78000.000000000000000000000000000000),(12817,'admin1@gmail.com',NULL,NULL,'2023-12-22 07:50:24.339311','ENABLE','15:00',769,78000.000000000000000000000000000000),(12818,'admin1@gmail.com',NULL,NULL,'2023-12-22 07:50:24.339310','ENABLE','14:00',769,78000.000000000000000000000000000000),(12819,'admin1@gmail.com',NULL,NULL,'2023-12-22 07:50:24.339310','ENABLE','13:00',769,78000.000000000000000000000000000000),(12820,'admin1@gmail.com',NULL,NULL,'2023-12-22 07:50:24.339309','ENABLE','12:00',769,78000.000000000000000000000000000000),(12821,'admin1@gmail.com',NULL,NULL,'2023-12-22 07:50:24.339308','ENABLE','11:00',769,78000.000000000000000000000000000000),(12822,'admin1@gmail.com',NULL,NULL,'2023-12-22 07:50:24.339307','ENABLE','10:00',769,78000.000000000000000000000000000000),(12823,'admin1@gmail.com',NULL,NULL,'2023-12-22 07:50:24.339306','ENABLE','09:00',769,78000.000000000000000000000000000000),(12824,'admin1@gmail.com',NULL,NULL,'2023-12-22 07:50:24.339305','ENABLE','08:00',769,78000.000000000000000000000000000000),(12825,'admin1@gmail.com',NULL,NULL,'2023-12-22 07:50:24.339305','ENABLE','07:00',769,78000.000000000000000000000000000000),(12826,'admin1@gmail.com',NULL,NULL,'2023-12-22 07:50:24.339304','ENABLE','06:00',769,78000.000000000000000000000000000000),(12827,'admin1@gmail.com',NULL,NULL,'2023-12-22 07:50:24.339303','ENABLE','05:00',769,78000.000000000000000000000000000000),(12828,'admin1@gmail.com',NULL,NULL,'2023-12-22 07:50:24.339302','ENABLE','04:00',769,78000.000000000000000000000000000000),(12829,'admin1@gmail.com',NULL,NULL,'2023-12-22 07:50:24.339302','ENABLE','03:00',769,78000.000000000000000000000000000000),(12830,'admin1@gmail.com',NULL,NULL,'2023-12-22 07:50:24.339301','ENABLE','02:00',769,78000.000000000000000000000000000000),(12831,'admin1@gmail.com',NULL,NULL,'2023-12-22 07:50:24.339300','ENABLE','01:00',769,78000.000000000000000000000000000000),(12832,'admin1@gmail.com',NULL,NULL,'2023-12-22 07:50:24.339317','ENABLE','22:00',769,78000.000000000000000000000000000000),(12833,'admin1@gmail.com',NULL,NULL,'2023-12-22 07:50:24.339317','ENABLE','23:00',769,78000.000000000000000000000000000000),(12834,'admin1@gmail.com',NULL,NULL,'2023-12-22 07:50:24.361759','ENABLE','00:00',770,78000.000000000000000000000000000000),(12835,'admin1@gmail.com',NULL,NULL,'2023-12-22 07:50:24.361777','ENABLE','21:00',770,78000.000000000000000000000000000000),(12836,'admin1@gmail.com',NULL,NULL,'2023-12-22 07:50:24.361776','ENABLE','20:00',770,78000.000000000000000000000000000000),(12837,'admin1@gmail.com',NULL,NULL,'2023-12-22 07:50:24.361776','ENABLE','19:00',770,78000.000000000000000000000000000000),(12838,'admin1@gmail.com',NULL,NULL,'2023-12-22 07:50:24.361775','ENABLE','18:00',770,78000.000000000000000000000000000000),(12839,'admin1@gmail.com',NULL,NULL,'2023-12-22 07:50:24.361774','ENABLE','17:00',770,78000.000000000000000000000000000000),(12840,'admin1@gmail.com',NULL,NULL,'2023-12-22 07:50:24.361773','ENABLE','16:00',770,78000.000000000000000000000000000000),(12841,'admin1@gmail.com',NULL,NULL,'2023-12-22 07:50:24.361773','ENABLE','15:00',770,78000.000000000000000000000000000000),(12842,'admin1@gmail.com',NULL,NULL,'2023-12-22 07:50:24.361772','ENABLE','14:00',770,78000.000000000000000000000000000000),(12843,'admin1@gmail.com',NULL,NULL,'2023-12-22 07:50:24.361771','ENABLE','13:00',770,78000.000000000000000000000000000000),(12844,'admin1@gmail.com',NULL,NULL,'2023-12-22 07:50:24.361770','ENABLE','12:00',770,78000.000000000000000000000000000000),(12845,'admin1@gmail.com',NULL,NULL,'2023-12-22 07:50:24.361769','ENABLE','11:00',770,78000.000000000000000000000000000000),(12846,'admin1@gmail.com',NULL,NULL,'2023-12-22 07:50:24.361769','ENABLE','10:00',770,78000.000000000000000000000000000000),(12847,'admin1@gmail.com',NULL,NULL,'2023-12-22 07:50:24.361768','ENABLE','09:00',770,78000.000000000000000000000000000000),(12848,'admin1@gmail.com',NULL,NULL,'2023-12-22 07:50:24.361767','ENABLE','08:00',770,78000.000000000000000000000000000000),(12849,'admin1@gmail.com',NULL,NULL,'2023-12-22 07:50:24.361766','ENABLE','07:00',770,78000.000000000000000000000000000000),(12850,'admin1@gmail.com',NULL,NULL,'2023-12-22 07:50:24.361765','ENABLE','06:00',770,78000.000000000000000000000000000000),(12851,'admin1@gmail.com',NULL,NULL,'2023-12-22 07:50:24.361765','ENABLE','05:00',770,78000.000000000000000000000000000000),(12852,'admin1@gmail.com',NULL,NULL,'2023-12-22 07:50:24.361764','ENABLE','04:00',770,78000.000000000000000000000000000000),(12853,'admin1@gmail.com',NULL,NULL,'2023-12-22 07:50:24.361763','ENABLE','03:00',770,78000.000000000000000000000000000000),(12854,'admin1@gmail.com',NULL,NULL,'2023-12-22 07:50:24.361762','ENABLE','02:00',770,78000.000000000000000000000000000000),(12855,'admin1@gmail.com',NULL,NULL,'2023-12-22 07:50:24.361761','ENABLE','01:00',770,78000.000000000000000000000000000000),(12856,'admin1@gmail.com',NULL,NULL,'2023-12-22 07:50:24.361778','ENABLE','22:00',770,78000.000000000000000000000000000000),(12857,'admin1@gmail.com',NULL,NULL,'2023-12-22 07:50:24.361779','ENABLE','23:00',770,78000.000000000000000000000000000000),(12858,'admin1@gmail.com',NULL,NULL,'2023-12-22 07:50:24.391698','ENABLE','00:00',771,78000.000000000000000000000000000000),(12859,'admin1@gmail.com',NULL,NULL,'2023-12-22 07:50:24.391717','ENABLE','21:00',771,78000.000000000000000000000000000000),(12860,'admin1@gmail.com',NULL,NULL,'2023-12-22 07:50:24.391717','ENABLE','20:00',771,78000.000000000000000000000000000000),(12861,'admin1@gmail.com',NULL,NULL,'2023-12-22 07:50:24.391716','ENABLE','19:00',771,78000.000000000000000000000000000000),(12862,'admin1@gmail.com',NULL,NULL,'2023-12-22 07:50:24.391715','ENABLE','18:00',771,78000.000000000000000000000000000000),(12863,'admin1@gmail.com',NULL,NULL,'2023-12-22 07:50:24.391714','ENABLE','17:00',771,78000.000000000000000000000000000000),(12864,'admin1@gmail.com',NULL,NULL,'2023-12-22 07:50:24.391713','ENABLE','16:00',771,78000.000000000000000000000000000000),(12865,'admin1@gmail.com',NULL,NULL,'2023-12-22 07:50:24.391713','ENABLE','15:00',771,78000.000000000000000000000000000000),(12866,'admin1@gmail.com',NULL,NULL,'2023-12-22 07:50:24.391712','ENABLE','14:00',771,78000.000000000000000000000000000000),(12867,'admin1@gmail.com',NULL,NULL,'2023-12-22 07:50:24.391711','ENABLE','13:00',771,78000.000000000000000000000000000000),(12868,'admin1@gmail.com',NULL,NULL,'2023-12-22 07:50:24.391710','ENABLE','12:00',771,78000.000000000000000000000000000000),(12869,'admin1@gmail.com',NULL,NULL,'2023-12-22 07:50:24.391709','ENABLE','11:00',771,78000.000000000000000000000000000000),(12870,'admin1@gmail.com',NULL,NULL,'2023-12-22 07:50:24.391708','ENABLE','10:00',771,78000.000000000000000000000000000000),(12871,'admin1@gmail.com',NULL,NULL,'2023-12-22 07:50:24.391708','ENABLE','09:00',771,78000.000000000000000000000000000000),(12872,'admin1@gmail.com',NULL,NULL,'2023-12-22 07:50:24.391707','ENABLE','08:00',771,78000.000000000000000000000000000000),(12873,'admin1@gmail.com',NULL,NULL,'2023-12-22 07:50:24.391706','ENABLE','07:00',771,78000.000000000000000000000000000000),(12874,'admin1@gmail.com',NULL,NULL,'2023-12-22 07:50:24.391705','ENABLE','06:00',771,78000.000000000000000000000000000000),(12875,'admin1@gmail.com',NULL,NULL,'2023-12-22 07:50:24.391704','ENABLE','05:00',771,78000.000000000000000000000000000000),(12876,'admin1@gmail.com',NULL,NULL,'2023-12-22 07:50:24.391703','ENABLE','04:00',771,78000.000000000000000000000000000000),(12877,'admin1@gmail.com',NULL,NULL,'2023-12-22 07:50:24.391702','ENABLE','03:00',771,78000.000000000000000000000000000000),(12878,'admin1@gmail.com',NULL,NULL,'2023-12-22 07:50:24.391701','ENABLE','02:00',771,78000.000000000000000000000000000000),(12879,'admin1@gmail.com',NULL,NULL,'2023-12-22 07:50:24.391701','ENABLE','01:00',771,78000.000000000000000000000000000000),(12880,'admin1@gmail.com',NULL,NULL,'2023-12-22 07:50:24.391718','ENABLE','22:00',771,78000.000000000000000000000000000000),(12881,'admin1@gmail.com',NULL,NULL,'2023-12-22 07:50:24.391719','ENABLE','23:00',771,78000.000000000000000000000000000000),(12882,'admin1@gmail.com',NULL,NULL,'2023-12-22 07:50:24.415993','ENABLE','00:00',772,78000.000000000000000000000000000000),(12883,'admin1@gmail.com',NULL,NULL,'2023-12-22 07:50:24.416025','ENABLE','21:00',772,78000.000000000000000000000000000000),(12884,'admin1@gmail.com',NULL,NULL,'2023-12-22 07:50:24.416024','ENABLE','20:00',772,78000.000000000000000000000000000000),(12885,'admin1@gmail.com',NULL,NULL,'2023-12-22 07:50:24.416023','ENABLE','19:00',772,78000.000000000000000000000000000000),(12886,'admin1@gmail.com',NULL,NULL,'2023-12-22 07:50:24.416022','ENABLE','18:00',772,78000.000000000000000000000000000000),(12887,'admin1@gmail.com',NULL,NULL,'2023-12-22 07:50:24.416021','ENABLE','17:00',772,78000.000000000000000000000000000000),(12888,'admin1@gmail.com',NULL,NULL,'2023-12-22 07:50:24.416009','ENABLE','16:00',772,78000.000000000000000000000000000000),(12889,'admin1@gmail.com',NULL,NULL,'2023-12-22 07:50:24.416008','ENABLE','15:00',772,78000.000000000000000000000000000000),(12890,'admin1@gmail.com',NULL,NULL,'2023-12-22 07:50:24.416007','ENABLE','14:00',772,78000.000000000000000000000000000000),(12891,'admin1@gmail.com',NULL,NULL,'2023-12-22 07:50:24.416006','ENABLE','13:00',772,78000.000000000000000000000000000000),(12892,'admin1@gmail.com',NULL,NULL,'2023-12-22 07:50:24.416005','ENABLE','12:00',772,78000.000000000000000000000000000000),(12893,'admin1@gmail.com',NULL,NULL,'2023-12-22 07:50:24.416004','ENABLE','11:00',772,78000.000000000000000000000000000000),(12894,'admin1@gmail.com',NULL,NULL,'2023-12-22 07:50:24.416003','ENABLE','10:00',772,78000.000000000000000000000000000000),(12895,'admin1@gmail.com',NULL,NULL,'2023-12-22 07:50:24.416002','ENABLE','09:00',772,78000.000000000000000000000000000000),(12896,'admin1@gmail.com',NULL,NULL,'2023-12-22 07:50:24.416002','ENABLE','08:00',772,78000.000000000000000000000000000000),(12897,'admin1@gmail.com',NULL,NULL,'2023-12-22 07:50:24.416001','ENABLE','07:00',772,78000.000000000000000000000000000000),(12898,'admin1@gmail.com',NULL,NULL,'2023-12-22 07:50:24.416000','ENABLE','06:00',772,78000.000000000000000000000000000000),(12899,'admin1@gmail.com',NULL,NULL,'2023-12-22 07:50:24.415999','ENABLE','05:00',772,78000.000000000000000000000000000000),(12900,'admin1@gmail.com',NULL,NULL,'2023-12-22 07:50:24.415998','ENABLE','04:00',772,78000.000000000000000000000000000000),(12901,'admin1@gmail.com',NULL,NULL,'2023-12-22 07:50:24.415997','ENABLE','03:00',772,78000.000000000000000000000000000000),(12902,'admin1@gmail.com',NULL,NULL,'2023-12-22 07:50:24.415997','ENABLE','02:00',772,78000.000000000000000000000000000000),(12903,'admin1@gmail.com',NULL,NULL,'2023-12-22 07:50:24.415996','ENABLE','01:00',772,78000.000000000000000000000000000000),(12904,'admin1@gmail.com',NULL,NULL,'2023-12-22 07:50:24.416026','ENABLE','22:00',772,78000.000000000000000000000000000000),(12905,'admin1@gmail.com',NULL,NULL,'2023-12-22 07:50:24.416026','ENABLE','23:00',772,78000.000000000000000000000000000000),(12906,'admin1@gmail.com',NULL,NULL,'2023-12-22 07:52:54.266864','ENABLE','00:00',773,78000.000000000000000000000000000000),(12907,'admin1@gmail.com',NULL,NULL,'2023-12-22 07:52:54.266912','ENABLE','21:00',773,78000.000000000000000000000000000000),(12908,'admin1@gmail.com',NULL,NULL,'2023-12-22 07:52:54.266911','ENABLE','20:00',773,78000.000000000000000000000000000000),(12909,'admin1@gmail.com',NULL,NULL,'2023-12-22 07:52:54.266910','ENABLE','19:00',773,78000.000000000000000000000000000000),(12910,'admin1@gmail.com',NULL,NULL,'2023-12-22 07:52:54.266909','ENABLE','18:00',773,78000.000000000000000000000000000000),(12911,'admin1@gmail.com',NULL,NULL,'2023-12-22 07:52:54.266907','ENABLE','17:00',773,78000.000000000000000000000000000000),(12912,'admin1@gmail.com',NULL,NULL,'2023-12-22 07:52:54.266906','ENABLE','16:00',773,78000.000000000000000000000000000000),(12913,'admin1@gmail.com',NULL,NULL,'2023-12-22 07:52:54.266904','ENABLE','15:00',773,78000.000000000000000000000000000000),(12914,'admin1@gmail.com',NULL,NULL,'2023-12-22 07:52:54.266903','ENABLE','14:00',773,78000.000000000000000000000000000000),(12915,'admin1@gmail.com',NULL,NULL,'2023-12-22 07:52:54.266902','ENABLE','13:00',773,78000.000000000000000000000000000000),(12916,'admin1@gmail.com',NULL,NULL,'2023-12-22 07:52:54.266900','ENABLE','12:00',773,78000.000000000000000000000000000000),(12917,'admin1@gmail.com',NULL,NULL,'2023-12-22 07:52:54.266899','ENABLE','11:00',773,78000.000000000000000000000000000000),(12918,'admin1@gmail.com',NULL,NULL,'2023-12-22 07:52:54.266898','ENABLE','10:00',773,78000.000000000000000000000000000000),(12919,'admin1@gmail.com',NULL,NULL,'2023-12-22 07:52:54.266896','ENABLE','09:00',773,78000.000000000000000000000000000000),(12920,'admin1@gmail.com',NULL,NULL,'2023-12-22 07:52:54.266895','ENABLE','08:00',773,78000.000000000000000000000000000000),(12921,'admin1@gmail.com',NULL,NULL,'2023-12-22 07:52:54.266894','ENABLE','07:00',773,78000.000000000000000000000000000000),(12922,'admin1@gmail.com',NULL,NULL,'2023-12-22 07:52:54.266893','ENABLE','06:00',773,78000.000000000000000000000000000000),(12923,'admin1@gmail.com',NULL,NULL,'2023-12-22 07:52:54.266891','ENABLE','05:00',773,78000.000000000000000000000000000000),(12924,'admin1@gmail.com',NULL,NULL,'2023-12-22 07:52:54.266888','ENABLE','04:00',773,78000.000000000000000000000000000000),(12925,'admin1@gmail.com',NULL,NULL,'2023-12-22 07:52:54.266874','ENABLE','03:00',773,78000.000000000000000000000000000000),(12926,'admin1@gmail.com',NULL,NULL,'2023-12-22 07:52:54.266873','ENABLE','02:00',773,78000.000000000000000000000000000000),(12927,'admin1@gmail.com',NULL,NULL,'2023-12-22 07:52:54.266871','ENABLE','01:00',773,78000.000000000000000000000000000000),(12928,'admin1@gmail.com',NULL,NULL,'2023-12-22 07:52:54.266914','ENABLE','22:00',773,78000.000000000000000000000000000000),(12929,'admin1@gmail.com',NULL,NULL,'2023-12-22 07:52:54.266915','ENABLE','23:00',773,78000.000000000000000000000000000000),(12930,'admin1@gmail.com',NULL,NULL,'2023-12-22 07:52:54.294430','ENABLE','00:00',774,78000.000000000000000000000000000000),(12931,'admin1@gmail.com',NULL,NULL,'2023-12-22 07:52:54.294461','ENABLE','21:00',774,78000.000000000000000000000000000000),(12932,'admin1@gmail.com',NULL,NULL,'2023-12-22 07:52:54.294460','ENABLE','20:00',774,78000.000000000000000000000000000000),(12933,'admin1@gmail.com',NULL,NULL,'2023-12-22 07:52:54.294459','ENABLE','19:00',774,78000.000000000000000000000000000000),(12934,'admin1@gmail.com',NULL,NULL,'2023-12-22 07:52:54.294458','ENABLE','18:00',774,78000.000000000000000000000000000000),(12935,'admin1@gmail.com',NULL,NULL,'2023-12-22 07:52:54.294458','ENABLE','17:00',774,78000.000000000000000000000000000000),(12936,'admin1@gmail.com',NULL,NULL,'2023-12-22 07:52:54.294457','ENABLE','16:00',774,78000.000000000000000000000000000000),(12937,'admin1@gmail.com',NULL,NULL,'2023-12-22 07:52:54.294456','ENABLE','15:00',774,78000.000000000000000000000000000000),(12938,'admin1@gmail.com',NULL,NULL,'2023-12-22 07:52:54.294455','ENABLE','14:00',774,78000.000000000000000000000000000000),(12939,'admin1@gmail.com',NULL,NULL,'2023-12-22 07:52:54.294454','ENABLE','13:00',774,78000.000000000000000000000000000000),(12940,'admin1@gmail.com',NULL,NULL,'2023-12-22 07:52:54.294454','ENABLE','12:00',774,78000.000000000000000000000000000000),(12941,'admin1@gmail.com',NULL,NULL,'2023-12-22 07:52:54.294453','ENABLE','11:00',774,78000.000000000000000000000000000000),(12942,'admin1@gmail.com',NULL,NULL,'2023-12-22 07:52:54.294452','ENABLE','10:00',774,78000.000000000000000000000000000000),(12943,'admin1@gmail.com',NULL,NULL,'2023-12-22 07:52:54.294451','ENABLE','09:00',774,78000.000000000000000000000000000000),(12944,'admin1@gmail.com',NULL,NULL,'2023-12-22 07:52:54.294450','ENABLE','08:00',774,78000.000000000000000000000000000000),(12945,'admin1@gmail.com',NULL,NULL,'2023-12-22 07:52:54.294450','ENABLE','07:00',774,78000.000000000000000000000000000000),(12946,'admin1@gmail.com',NULL,NULL,'2023-12-22 07:52:54.294449','ENABLE','06:00',774,78000.000000000000000000000000000000),(12947,'admin1@gmail.com',NULL,NULL,'2023-12-22 07:52:54.294448','ENABLE','05:00',774,78000.000000000000000000000000000000),(12948,'admin1@gmail.com',NULL,NULL,'2023-12-22 07:52:54.294447','ENABLE','04:00',774,78000.000000000000000000000000000000),(12949,'admin1@gmail.com',NULL,NULL,'2023-12-22 07:52:54.294446','ENABLE','03:00',774,78000.000000000000000000000000000000),(12950,'admin1@gmail.com',NULL,NULL,'2023-12-22 07:52:54.294433','ENABLE','02:00',774,78000.000000000000000000000000000000),(12951,'admin1@gmail.com',NULL,NULL,'2023-12-22 07:52:54.294432','ENABLE','01:00',774,78000.000000000000000000000000000000),(12952,'admin1@gmail.com',NULL,NULL,'2023-12-22 07:52:54.294462','ENABLE','22:00',774,78000.000000000000000000000000000000),(12953,'admin1@gmail.com',NULL,NULL,'2023-12-22 07:52:54.294462','ENABLE','23:00',774,78000.000000000000000000000000000000),(12954,'admin1@gmail.com',NULL,NULL,'2023-12-22 07:52:54.357260','ENABLE','00:00',775,78000.000000000000000000000000000000),(12955,'admin1@gmail.com',NULL,NULL,'2023-12-22 07:52:54.357279','ENABLE','21:00',775,78000.000000000000000000000000000000),(12956,'admin1@gmail.com',NULL,NULL,'2023-12-22 07:52:54.357279','ENABLE','20:00',775,78000.000000000000000000000000000000),(12957,'admin1@gmail.com',NULL,NULL,'2023-12-22 07:52:54.357278','ENABLE','19:00',775,78000.000000000000000000000000000000),(12958,'admin1@gmail.com',NULL,NULL,'2023-12-22 07:52:54.357277','ENABLE','18:00',775,78000.000000000000000000000000000000),(12959,'admin1@gmail.com',NULL,NULL,'2023-12-22 07:52:54.357276','ENABLE','17:00',775,78000.000000000000000000000000000000),(12960,'admin1@gmail.com',NULL,NULL,'2023-12-22 07:52:54.357275','ENABLE','16:00',775,78000.000000000000000000000000000000),(12961,'admin1@gmail.com',NULL,NULL,'2023-12-22 07:52:54.357275','ENABLE','15:00',775,78000.000000000000000000000000000000),(12962,'admin1@gmail.com',NULL,NULL,'2023-12-22 07:52:54.357274','ENABLE','14:00',775,78000.000000000000000000000000000000),(12963,'admin1@gmail.com',NULL,NULL,'2023-12-22 07:52:54.357273','ENABLE','13:00',775,78000.000000000000000000000000000000),(12964,'admin1@gmail.com',NULL,NULL,'2023-12-22 07:52:54.357272','ENABLE','12:00',775,78000.000000000000000000000000000000),(12965,'admin1@gmail.com',NULL,NULL,'2023-12-22 07:52:54.357271','ENABLE','11:00',775,78000.000000000000000000000000000000),(12966,'admin1@gmail.com',NULL,NULL,'2023-12-22 07:52:54.357271','ENABLE','10:00',775,78000.000000000000000000000000000000),(12967,'admin1@gmail.com',NULL,NULL,'2023-12-22 07:52:54.357270','ENABLE','09:00',775,78000.000000000000000000000000000000),(12968,'admin1@gmail.com',NULL,NULL,'2023-12-22 07:52:54.357269','ENABLE','08:00',775,78000.000000000000000000000000000000),(12969,'admin1@gmail.com',NULL,NULL,'2023-12-22 07:52:54.357268','ENABLE','07:00',775,78000.000000000000000000000000000000),(12970,'admin1@gmail.com',NULL,NULL,'2023-12-22 07:52:54.357267','ENABLE','06:00',775,78000.000000000000000000000000000000),(12971,'admin1@gmail.com',NULL,NULL,'2023-12-22 07:52:54.357267','ENABLE','05:00',775,78000.000000000000000000000000000000),(12972,'admin1@gmail.com',NULL,NULL,'2023-12-22 07:52:54.357266','ENABLE','04:00',775,78000.000000000000000000000000000000),(12973,'admin1@gmail.com',NULL,NULL,'2023-12-22 07:52:54.357265','ENABLE','03:00',775,78000.000000000000000000000000000000),(12974,'admin1@gmail.com',NULL,NULL,'2023-12-22 07:52:54.357264','ENABLE','02:00',775,78000.000000000000000000000000000000),(12975,'admin1@gmail.com',NULL,NULL,'2023-12-22 07:52:54.357263','ENABLE','01:00',775,78000.000000000000000000000000000000),(12976,'admin1@gmail.com',NULL,NULL,'2023-12-22 07:52:54.357280','ENABLE','22:00',775,78000.000000000000000000000000000000),(12977,'admin1@gmail.com',NULL,NULL,'2023-12-22 07:52:54.357281','ENABLE','23:00',775,78000.000000000000000000000000000000),(12978,'admin1@gmail.com',NULL,NULL,'2023-12-22 07:52:54.388049','ENABLE','00:00',776,78000.000000000000000000000000000000),(12979,'admin1@gmail.com',NULL,NULL,'2023-12-22 07:52:54.388096','ENABLE','21:00',776,78000.000000000000000000000000000000),(12980,'admin1@gmail.com',NULL,NULL,'2023-12-22 07:52:54.388095','ENABLE','20:00',776,78000.000000000000000000000000000000),(12981,'admin1@gmail.com',NULL,NULL,'2023-12-22 07:52:54.388093','ENABLE','19:00',776,78000.000000000000000000000000000000),(12982,'admin1@gmail.com',NULL,NULL,'2023-12-22 07:52:54.388091','ENABLE','18:00',776,78000.000000000000000000000000000000),(12983,'admin1@gmail.com',NULL,NULL,'2023-12-22 07:52:54.388090','ENABLE','17:00',776,78000.000000000000000000000000000000),(12984,'admin1@gmail.com',NULL,NULL,'2023-12-22 07:52:54.388089','ENABLE','16:00',776,78000.000000000000000000000000000000),(12985,'admin1@gmail.com',NULL,NULL,'2023-12-22 07:52:54.388088','ENABLE','15:00',776,78000.000000000000000000000000000000),(12986,'admin1@gmail.com',NULL,NULL,'2023-12-22 07:52:54.388087','ENABLE','14:00',776,78000.000000000000000000000000000000),(12987,'admin1@gmail.com',NULL,NULL,'2023-12-22 07:52:54.388087','ENABLE','13:00',776,78000.000000000000000000000000000000),(12988,'admin1@gmail.com',NULL,NULL,'2023-12-22 07:52:54.388085','ENABLE','12:00',776,78000.000000000000000000000000000000),(12989,'admin1@gmail.com',NULL,NULL,'2023-12-22 07:52:54.388062','ENABLE','11:00',776,78000.000000000000000000000000000000),(12990,'admin1@gmail.com',NULL,NULL,'2023-12-22 07:52:54.388062','ENABLE','10:00',776,78000.000000000000000000000000000000),(12991,'admin1@gmail.com',NULL,NULL,'2023-12-22 07:52:54.388061','ENABLE','09:00',776,78000.000000000000000000000000000000),(12992,'admin1@gmail.com',NULL,NULL,'2023-12-22 07:52:54.388060','ENABLE','08:00',776,78000.000000000000000000000000000000),(12993,'admin1@gmail.com',NULL,NULL,'2023-12-22 07:52:54.388059','ENABLE','07:00',776,78000.000000000000000000000000000000),(12994,'admin1@gmail.com',NULL,NULL,'2023-12-22 07:52:54.388059','ENABLE','06:00',776,78000.000000000000000000000000000000),(12995,'admin1@gmail.com',NULL,NULL,'2023-12-22 07:52:54.388058','ENABLE','05:00',776,78000.000000000000000000000000000000),(12996,'admin1@gmail.com',NULL,NULL,'2023-12-22 07:52:54.388057','ENABLE','04:00',776,78000.000000000000000000000000000000),(12997,'admin1@gmail.com',NULL,NULL,'2023-12-22 07:52:54.388056','ENABLE','03:00',776,78000.000000000000000000000000000000),(12998,'admin1@gmail.com',NULL,NULL,'2023-12-22 07:52:54.388054','ENABLE','02:00',776,78000.000000000000000000000000000000),(12999,'admin1@gmail.com',NULL,NULL,'2023-12-22 07:52:54.388053','ENABLE','01:00',776,78000.000000000000000000000000000000),(13000,'admin1@gmail.com',NULL,NULL,'2023-12-22 07:52:54.388097','ENABLE','22:00',776,78000.000000000000000000000000000000),(13001,'admin1@gmail.com',NULL,NULL,'2023-12-22 07:52:54.388098','ENABLE','23:00',776,78000.000000000000000000000000000000),(13002,'admin1@gmail.com',NULL,NULL,'2023-12-22 07:52:54.420635','ENABLE','00:00',777,78000.000000000000000000000000000000),(13003,'admin1@gmail.com',NULL,NULL,'2023-12-22 07:52:54.420654','ENABLE','21:00',777,78000.000000000000000000000000000000),(13004,'admin1@gmail.com',NULL,NULL,'2023-12-22 07:52:54.420653','ENABLE','20:00',777,78000.000000000000000000000000000000),(13005,'admin1@gmail.com',NULL,NULL,'2023-12-22 07:52:54.420653','ENABLE','19:00',777,78000.000000000000000000000000000000),(13006,'admin1@gmail.com',NULL,NULL,'2023-12-22 07:52:54.420652','ENABLE','18:00',777,78000.000000000000000000000000000000),(13007,'admin1@gmail.com',NULL,NULL,'2023-12-22 07:52:54.420651','ENABLE','17:00',777,78000.000000000000000000000000000000),(13008,'admin1@gmail.com',NULL,NULL,'2023-12-22 07:52:54.420650','ENABLE','16:00',777,78000.000000000000000000000000000000),(13009,'admin1@gmail.com',NULL,NULL,'2023-12-22 07:52:54.420649','ENABLE','15:00',777,78000.000000000000000000000000000000),(13010,'admin1@gmail.com',NULL,NULL,'2023-12-22 07:52:54.420649','ENABLE','14:00',777,78000.000000000000000000000000000000),(13011,'admin1@gmail.com',NULL,NULL,'2023-12-22 07:52:54.420648','ENABLE','13:00',777,78000.000000000000000000000000000000),(13012,'admin1@gmail.com',NULL,NULL,'2023-12-22 07:52:54.420647','ENABLE','12:00',777,78000.000000000000000000000000000000),(13013,'admin1@gmail.com',NULL,NULL,'2023-12-22 07:52:54.420646','ENABLE','11:00',777,78000.000000000000000000000000000000),(13014,'admin1@gmail.com',NULL,NULL,'2023-12-22 07:52:54.420645','ENABLE','10:00',777,78000.000000000000000000000000000000),(13015,'admin1@gmail.com',NULL,NULL,'2023-12-22 07:52:54.420644','ENABLE','09:00',777,78000.000000000000000000000000000000),(13016,'admin1@gmail.com',NULL,NULL,'2023-12-22 07:52:54.420644','ENABLE','08:00',777,78000.000000000000000000000000000000),(13017,'admin1@gmail.com',NULL,NULL,'2023-12-22 07:52:54.420643','ENABLE','07:00',777,78000.000000000000000000000000000000),(13018,'admin1@gmail.com',NULL,NULL,'2023-12-22 07:52:54.420642','ENABLE','06:00',777,78000.000000000000000000000000000000),(13019,'admin1@gmail.com',NULL,NULL,'2023-12-22 07:52:54.420641','ENABLE','05:00',777,78000.000000000000000000000000000000),(13020,'admin1@gmail.com',NULL,NULL,'2023-12-22 07:52:54.420640','ENABLE','04:00',777,78000.000000000000000000000000000000),(13021,'admin1@gmail.com',NULL,NULL,'2023-12-22 07:52:54.420640','ENABLE','03:00',777,78000.000000000000000000000000000000),(13022,'admin1@gmail.com',NULL,NULL,'2023-12-22 07:52:54.420639','ENABLE','02:00',777,78000.000000000000000000000000000000),(13023,'admin1@gmail.com',NULL,NULL,'2023-12-22 07:52:54.420638','ENABLE','01:00',777,78000.000000000000000000000000000000),(13024,'admin1@gmail.com',NULL,NULL,'2023-12-22 07:52:54.420655','ENABLE','22:00',777,78000.000000000000000000000000000000),(13025,'admin1@gmail.com',NULL,NULL,'2023-12-22 07:52:54.420656','ENABLE','23:00',777,78000.000000000000000000000000000000),(13026,'admin1@gmail.com',NULL,NULL,'2023-12-22 07:55:36.338274','ENABLE','00:00',778,80000.000000000000000000000000000000),(13027,'admin1@gmail.com',NULL,NULL,'2023-12-22 07:55:36.338276','ENABLE','01:00',778,80000.000000000000000000000000000000),(13028,'admin1@gmail.com',NULL,NULL,'2023-12-22 07:55:36.359141','ENABLE','00:00',779,80000.000000000000000000000000000000),(13029,'admin1@gmail.com',NULL,NULL,'2023-12-22 07:55:36.359144','ENABLE','01:00',779,80000.000000000000000000000000000000),(13030,'admin1@gmail.com',NULL,NULL,'2023-12-22 07:55:36.379990','ENABLE','00:00',780,80000.000000000000000000000000000000),(13031,'admin1@gmail.com',NULL,NULL,'2023-12-22 07:55:36.379992','ENABLE','01:00',780,80000.000000000000000000000000000000),(13032,'admin1@gmail.com',NULL,NULL,'2023-12-22 07:55:36.401542','ENABLE','00:00',781,80000.000000000000000000000000000000),(13033,'admin1@gmail.com',NULL,NULL,'2023-12-22 07:55:36.401544','ENABLE','01:00',781,80000.000000000000000000000000000000),(13034,'admin1@gmail.com',NULL,NULL,'2023-12-22 07:55:36.424583','ENABLE','00:00',782,80000.000000000000000000000000000000),(13035,'admin1@gmail.com',NULL,NULL,'2023-12-22 07:55:36.424586','ENABLE','01:00',782,80000.000000000000000000000000000000),(13036,'admin1@gmail.com',NULL,NULL,'2023-12-22 07:58:37.425711','ENABLE','00:00',783,45000.000000000000000000000000000000),(13037,'admin1@gmail.com',NULL,NULL,'2023-12-22 07:58:37.425713','ENABLE','02:00',783,45000.000000000000000000000000000000),(13038,'admin1@gmail.com',NULL,NULL,'2023-12-22 07:58:37.425714','ENABLE','04:00',783,45000.000000000000000000000000000000),(13039,'admin1@gmail.com',NULL,NULL,'2023-12-22 07:58:37.441985','ENABLE','00:00',784,45000.000000000000000000000000000000),(13040,'admin1@gmail.com',NULL,NULL,'2023-12-22 07:58:37.441987','ENABLE','02:00',784,45000.000000000000000000000000000000),(13041,'admin1@gmail.com',NULL,NULL,'2023-12-22 07:58:37.441988','ENABLE','04:00',784,45000.000000000000000000000000000000),(13042,'admin1@gmail.com',NULL,NULL,'2023-12-22 07:58:37.462878','ENABLE','00:00',785,45000.000000000000000000000000000000),(13043,'admin1@gmail.com',NULL,NULL,'2023-12-22 07:58:37.462881','ENABLE','02:00',785,45000.000000000000000000000000000000),(13044,'admin1@gmail.com',NULL,NULL,'2023-12-22 07:58:37.462881','ENABLE','04:00',785,45000.000000000000000000000000000000),(13045,'admin1@gmail.com',NULL,NULL,'2023-12-22 07:58:37.478918','ENABLE','00:00',786,45000.000000000000000000000000000000),(13046,'admin1@gmail.com',NULL,NULL,'2023-12-22 07:58:37.478920','ENABLE','02:00',786,45000.000000000000000000000000000000),(13047,'admin1@gmail.com',NULL,NULL,'2023-12-22 07:58:37.478921','ENABLE','04:00',786,45000.000000000000000000000000000000),(13048,'admin1@gmail.com',NULL,NULL,'2023-12-22 07:58:37.503764','ENABLE','00:00',787,45000.000000000000000000000000000000),(13049,'admin1@gmail.com',NULL,NULL,'2023-12-22 07:58:37.503766','ENABLE','02:00',787,45000.000000000000000000000000000000),(13050,'admin1@gmail.com',NULL,NULL,'2023-12-22 07:58:37.503767','ENABLE','04:00',787,45000.000000000000000000000000000000),(13051,'admin1@gmail.com',NULL,NULL,'2023-12-22 07:58:37.519836','ENABLE','00:00',788,45000.000000000000000000000000000000),(13052,'admin1@gmail.com',NULL,NULL,'2023-12-22 07:58:37.519839','ENABLE','02:00',788,45000.000000000000000000000000000000),(13053,'admin1@gmail.com',NULL,NULL,'2023-12-22 07:58:37.519839','ENABLE','04:00',788,45000.000000000000000000000000000000),(13054,'admin1@gmail.com',NULL,NULL,'2023-12-22 07:58:37.541178','ENABLE','00:00',789,45000.000000000000000000000000000000),(13055,'admin1@gmail.com',NULL,NULL,'2023-12-22 07:58:37.541181','ENABLE','02:00',789,45000.000000000000000000000000000000),(13056,'admin1@gmail.com',NULL,NULL,'2023-12-22 07:58:37.541181','ENABLE','04:00',789,45000.000000000000000000000000000000),(13057,'admin1@gmail.com',NULL,NULL,'2023-12-22 07:58:37.558495','ENABLE','00:00',790,45000.000000000000000000000000000000),(13058,'admin1@gmail.com',NULL,NULL,'2023-12-22 07:58:37.558497','ENABLE','02:00',790,45000.000000000000000000000000000000),(13059,'admin1@gmail.com',NULL,NULL,'2023-12-22 07:58:37.558498','ENABLE','04:00',790,45000.000000000000000000000000000000),(13060,'admin1@gmail.com',NULL,NULL,'2023-12-22 08:01:37.637890','ENABLE','00:00',791,70000.000000000000000000000000000000),(13061,'admin1@gmail.com',NULL,NULL,'2023-12-22 08:01:37.637927','ENABLE','21:00',791,70000.000000000000000000000000000000),(13062,'admin1@gmail.com',NULL,NULL,'2023-12-22 08:01:37.637926','ENABLE','20:00',791,70000.000000000000000000000000000000),(13063,'admin1@gmail.com',NULL,NULL,'2023-12-22 08:01:37.637925','ENABLE','19:00',791,70000.000000000000000000000000000000),(13064,'admin1@gmail.com',NULL,NULL,'2023-12-22 08:01:37.637925','ENABLE','18:00',791,70000.000000000000000000000000000000),(13065,'admin1@gmail.com',NULL,NULL,'2023-12-22 08:01:37.637924','ENABLE','17:00',791,70000.000000000000000000000000000000),(13066,'admin1@gmail.com',NULL,NULL,'2023-12-22 08:01:37.637923','ENABLE','16:00',791,70000.000000000000000000000000000000),(13067,'admin1@gmail.com',NULL,NULL,'2023-12-22 08:01:37.637922','ENABLE','15:00',791,70000.000000000000000000000000000000),(13068,'admin1@gmail.com',NULL,NULL,'2023-12-22 08:01:37.637921','ENABLE','14:00',791,70000.000000000000000000000000000000),(13069,'admin1@gmail.com',NULL,NULL,'2023-12-22 08:01:37.637920','ENABLE','13:00',791,70000.000000000000000000000000000000),(13070,'admin1@gmail.com',NULL,NULL,'2023-12-22 08:01:37.637920','ENABLE','12:00',791,70000.000000000000000000000000000000),(13071,'admin1@gmail.com',NULL,NULL,'2023-12-22 08:01:37.637918','ENABLE','11:00',791,70000.000000000000000000000000000000),(13072,'admin1@gmail.com',NULL,NULL,'2023-12-22 08:01:37.637902','ENABLE','10:00',791,70000.000000000000000000000000000000),(13073,'admin1@gmail.com',NULL,NULL,'2023-12-22 08:01:37.637901','ENABLE','09:00',791,70000.000000000000000000000000000000),(13074,'admin1@gmail.com',NULL,NULL,'2023-12-22 08:01:37.637900','ENABLE','08:00',791,70000.000000000000000000000000000000),(13075,'admin1@gmail.com',NULL,NULL,'2023-12-22 08:01:37.637898','ENABLE','07:00',791,70000.000000000000000000000000000000),(13076,'admin1@gmail.com',NULL,NULL,'2023-12-22 08:01:37.637897','ENABLE','06:00',791,70000.000000000000000000000000000000),(13077,'admin1@gmail.com',NULL,NULL,'2023-12-22 08:01:37.637896','ENABLE','05:00',791,70000.000000000000000000000000000000),(13078,'admin1@gmail.com',NULL,NULL,'2023-12-22 08:01:37.637895','ENABLE','04:00',791,70000.000000000000000000000000000000),(13079,'admin1@gmail.com',NULL,NULL,'2023-12-22 08:01:37.637894','ENABLE','03:00',791,70000.000000000000000000000000000000),(13080,'admin1@gmail.com',NULL,NULL,'2023-12-22 08:01:37.637894','ENABLE','02:00',791,70000.000000000000000000000000000000),(13081,'admin1@gmail.com',NULL,NULL,'2023-12-22 08:01:37.637893','ENABLE','01:00',791,70000.000000000000000000000000000000),(13082,'admin1@gmail.com',NULL,NULL,'2023-12-22 08:01:37.637928','ENABLE','22:00',791,70000.000000000000000000000000000000),(13083,'admin1@gmail.com',NULL,NULL,'2023-12-22 08:01:37.637929','ENABLE','23:00',791,70000.000000000000000000000000000000),(13084,'admin1@gmail.com',NULL,NULL,'2023-12-22 08:01:37.653471','ENABLE','00:00',792,70000.000000000000000000000000000000),(13085,'admin1@gmail.com',NULL,NULL,'2023-12-22 08:01:37.653503','ENABLE','21:00',792,70000.000000000000000000000000000000),(13086,'admin1@gmail.com',NULL,NULL,'2023-12-22 08:01:37.653503','ENABLE','20:00',792,70000.000000000000000000000000000000),(13087,'admin1@gmail.com',NULL,NULL,'2023-12-22 08:01:37.653502','ENABLE','19:00',792,70000.000000000000000000000000000000),(13088,'admin1@gmail.com',NULL,NULL,'2023-12-22 08:01:37.653501','ENABLE','18:00',792,70000.000000000000000000000000000000),(13089,'admin1@gmail.com',NULL,NULL,'2023-12-22 08:01:37.653500','ENABLE','17:00',792,70000.000000000000000000000000000000),(13090,'admin1@gmail.com',NULL,NULL,'2023-12-22 08:01:37.653499','ENABLE','16:00',792,70000.000000000000000000000000000000),(13091,'admin1@gmail.com',NULL,NULL,'2023-12-22 08:01:37.653499','ENABLE','15:00',792,70000.000000000000000000000000000000),(13092,'admin1@gmail.com',NULL,NULL,'2023-12-22 08:01:37.653498','ENABLE','14:00',792,70000.000000000000000000000000000000),(13093,'admin1@gmail.com',NULL,NULL,'2023-12-22 08:01:37.653497','ENABLE','13:00',792,70000.000000000000000000000000000000),(13094,'admin1@gmail.com',NULL,NULL,'2023-12-22 08:01:37.653496','ENABLE','12:00',792,70000.000000000000000000000000000000),(13095,'admin1@gmail.com',NULL,NULL,'2023-12-22 08:01:37.653495','ENABLE','11:00',792,70000.000000000000000000000000000000),(13096,'admin1@gmail.com',NULL,NULL,'2023-12-22 08:01:37.653495','ENABLE','10:00',792,70000.000000000000000000000000000000),(13097,'admin1@gmail.com',NULL,NULL,'2023-12-22 08:01:37.653494','ENABLE','09:00',792,70000.000000000000000000000000000000),(13098,'admin1@gmail.com',NULL,NULL,'2023-12-22 08:01:37.653493','ENABLE','08:00',792,70000.000000000000000000000000000000),(13099,'admin1@gmail.com',NULL,NULL,'2023-12-22 08:01:37.653492','ENABLE','07:00',792,70000.000000000000000000000000000000),(13100,'admin1@gmail.com',NULL,NULL,'2023-12-22 08:01:37.653491','ENABLE','06:00',792,70000.000000000000000000000000000000),(13101,'admin1@gmail.com',NULL,NULL,'2023-12-22 08:01:37.653491','ENABLE','05:00',792,70000.000000000000000000000000000000),(13102,'admin1@gmail.com',NULL,NULL,'2023-12-22 08:01:37.653490','ENABLE','04:00',792,70000.000000000000000000000000000000),(13103,'admin1@gmail.com',NULL,NULL,'2023-12-22 08:01:37.653489','ENABLE','03:00',792,70000.000000000000000000000000000000),(13104,'admin1@gmail.com',NULL,NULL,'2023-12-22 08:01:37.653475','ENABLE','02:00',792,70000.000000000000000000000000000000),(13105,'admin1@gmail.com',NULL,NULL,'2023-12-22 08:01:37.653474','ENABLE','01:00',792,70000.000000000000000000000000000000),(13106,'admin1@gmail.com',NULL,NULL,'2023-12-22 08:01:37.653504','ENABLE','22:00',792,70000.000000000000000000000000000000),(13107,'admin1@gmail.com',NULL,NULL,'2023-12-22 08:01:37.653505','ENABLE','23:00',792,70000.000000000000000000000000000000),(13108,'admin1@gmail.com',NULL,NULL,'2023-12-22 08:01:37.673882','ENABLE','00:00',793,70000.000000000000000000000000000000),(13109,'admin1@gmail.com',NULL,NULL,'2023-12-22 08:01:37.673915','ENABLE','21:00',793,70000.000000000000000000000000000000),(13110,'admin1@gmail.com',NULL,NULL,'2023-12-22 08:01:37.673915','ENABLE','20:00',793,70000.000000000000000000000000000000),(13111,'admin1@gmail.com',NULL,NULL,'2023-12-22 08:01:37.673913','ENABLE','19:00',793,70000.000000000000000000000000000000),(13112,'admin1@gmail.com',NULL,NULL,'2023-12-22 08:01:37.673913','ENABLE','18:00',793,70000.000000000000000000000000000000),(13113,'admin1@gmail.com',NULL,NULL,'2023-12-22 08:01:37.673912','ENABLE','17:00',793,70000.000000000000000000000000000000),(13114,'admin1@gmail.com',NULL,NULL,'2023-12-22 08:01:37.673911','ENABLE','16:00',793,70000.000000000000000000000000000000),(13115,'admin1@gmail.com',NULL,NULL,'2023-12-22 08:01:37.673910','ENABLE','15:00',793,70000.000000000000000000000000000000),(13116,'admin1@gmail.com',NULL,NULL,'2023-12-22 08:01:37.673909','ENABLE','14:00',793,70000.000000000000000000000000000000),(13117,'admin1@gmail.com',NULL,NULL,'2023-12-22 08:01:37.673909','ENABLE','13:00',793,70000.000000000000000000000000000000),(13118,'admin1@gmail.com',NULL,NULL,'2023-12-22 08:01:37.673908','ENABLE','12:00',793,70000.000000000000000000000000000000),(13119,'admin1@gmail.com',NULL,NULL,'2023-12-22 08:01:37.673907','ENABLE','11:00',793,70000.000000000000000000000000000000),(13120,'admin1@gmail.com',NULL,NULL,'2023-12-22 08:01:37.673906','ENABLE','10:00',793,70000.000000000000000000000000000000),(13121,'admin1@gmail.com',NULL,NULL,'2023-12-22 08:01:37.673905','ENABLE','09:00',793,70000.000000000000000000000000000000),(13122,'admin1@gmail.com',NULL,NULL,'2023-12-22 08:01:37.673904','ENABLE','08:00',793,70000.000000000000000000000000000000),(13123,'admin1@gmail.com',NULL,NULL,'2023-12-22 08:01:37.673903','ENABLE','07:00',793,70000.000000000000000000000000000000),(13124,'admin1@gmail.com',NULL,NULL,'2023-12-22 08:01:37.673903','ENABLE','06:00',793,70000.000000000000000000000000000000),(13125,'admin1@gmail.com',NULL,NULL,'2023-12-22 08:01:37.673902','ENABLE','05:00',793,70000.000000000000000000000000000000),(13126,'admin1@gmail.com',NULL,NULL,'2023-12-22 08:01:37.673901','ENABLE','04:00',793,70000.000000000000000000000000000000),(13127,'admin1@gmail.com',NULL,NULL,'2023-12-22 08:01:37.673900','ENABLE','03:00',793,70000.000000000000000000000000000000),(13128,'admin1@gmail.com',NULL,NULL,'2023-12-22 08:01:37.673899','ENABLE','02:00',793,70000.000000000000000000000000000000),(13129,'admin1@gmail.com',NULL,NULL,'2023-12-22 08:01:37.673898','ENABLE','01:00',793,70000.000000000000000000000000000000),(13130,'admin1@gmail.com',NULL,NULL,'2023-12-22 08:01:37.673916','ENABLE','22:00',793,70000.000000000000000000000000000000),(13131,'admin1@gmail.com',NULL,NULL,'2023-12-22 08:01:37.673917','ENABLE','23:00',793,70000.000000000000000000000000000000),(13132,'admin1@gmail.com',NULL,NULL,'2023-12-22 08:01:37.691136','ENABLE','00:00',794,70000.000000000000000000000000000000),(13133,'admin1@gmail.com',NULL,NULL,'2023-12-22 08:01:37.691164','ENABLE','21:00',794,70000.000000000000000000000000000000),(13134,'admin1@gmail.com',NULL,NULL,'2023-12-22 08:01:37.691163','ENABLE','20:00',794,70000.000000000000000000000000000000),(13135,'admin1@gmail.com',NULL,NULL,'2023-12-22 08:01:37.691162','ENABLE','19:00',794,70000.000000000000000000000000000000),(13136,'admin1@gmail.com',NULL,NULL,'2023-12-22 08:01:37.691162','ENABLE','18:00',794,70000.000000000000000000000000000000),(13137,'admin1@gmail.com',NULL,NULL,'2023-12-22 08:01:37.691161','ENABLE','17:00',794,70000.000000000000000000000000000000),(13138,'admin1@gmail.com',NULL,NULL,'2023-12-22 08:01:37.691160','ENABLE','16:00',794,70000.000000000000000000000000000000),(13139,'admin1@gmail.com',NULL,NULL,'2023-12-22 08:01:37.691159','ENABLE','15:00',794,70000.000000000000000000000000000000),(13140,'admin1@gmail.com',NULL,NULL,'2023-12-22 08:01:37.691158','ENABLE','14:00',794,70000.000000000000000000000000000000),(13141,'admin1@gmail.com',NULL,NULL,'2023-12-22 08:01:37.691158','ENABLE','13:00',794,70000.000000000000000000000000000000),(13142,'admin1@gmail.com',NULL,NULL,'2023-12-22 08:01:37.691157','ENABLE','12:00',794,70000.000000000000000000000000000000),(13143,'admin1@gmail.com',NULL,NULL,'2023-12-22 08:01:37.691156','ENABLE','11:00',794,70000.000000000000000000000000000000),(13144,'admin1@gmail.com',NULL,NULL,'2023-12-22 08:01:37.691155','ENABLE','10:00',794,70000.000000000000000000000000000000),(13145,'admin1@gmail.com',NULL,NULL,'2023-12-22 08:01:37.691155','ENABLE','09:00',794,70000.000000000000000000000000000000),(13146,'admin1@gmail.com',NULL,NULL,'2023-12-22 08:01:37.691154','ENABLE','08:00',794,70000.000000000000000000000000000000),(13147,'admin1@gmail.com',NULL,NULL,'2023-12-22 08:01:37.691153','ENABLE','07:00',794,70000.000000000000000000000000000000),(13148,'admin1@gmail.com',NULL,NULL,'2023-12-22 08:01:37.691152','ENABLE','06:00',794,70000.000000000000000000000000000000),(13149,'admin1@gmail.com',NULL,NULL,'2023-12-22 08:01:37.691151','ENABLE','05:00',794,70000.000000000000000000000000000000),(13150,'admin1@gmail.com',NULL,NULL,'2023-12-22 08:01:37.691150','ENABLE','04:00',794,70000.000000000000000000000000000000),(13151,'admin1@gmail.com',NULL,NULL,'2023-12-22 08:01:37.691140','ENABLE','03:00',794,70000.000000000000000000000000000000),(13152,'admin1@gmail.com',NULL,NULL,'2023-12-22 08:01:37.691139','ENABLE','02:00',794,70000.000000000000000000000000000000),(13153,'admin1@gmail.com',NULL,NULL,'2023-12-22 08:01:37.691138','ENABLE','01:00',794,70000.000000000000000000000000000000),(13154,'admin1@gmail.com',NULL,NULL,'2023-12-22 08:01:37.691165','ENABLE','22:00',794,70000.000000000000000000000000000000),(13155,'admin1@gmail.com',NULL,NULL,'2023-12-22 08:01:37.691165','ENABLE','23:00',794,70000.000000000000000000000000000000),(13156,'admin1@gmail.com',NULL,NULL,'2023-12-22 08:01:37.739763','ENABLE','00:00',795,70000.000000000000000000000000000000),(13157,'admin1@gmail.com',NULL,NULL,'2023-12-22 08:01:37.739782','ENABLE','21:00',795,70000.000000000000000000000000000000),(13158,'admin1@gmail.com',NULL,NULL,'2023-12-22 08:01:37.739781','ENABLE','20:00',795,70000.000000000000000000000000000000),(13159,'admin1@gmail.com',NULL,NULL,'2023-12-22 08:01:37.739780','ENABLE','19:00',795,70000.000000000000000000000000000000),(13160,'admin1@gmail.com',NULL,NULL,'2023-12-22 08:01:37.739779','ENABLE','18:00',795,70000.000000000000000000000000000000),(13161,'admin1@gmail.com',NULL,NULL,'2023-12-22 08:01:37.739778','ENABLE','17:00',795,70000.000000000000000000000000000000),(13162,'admin1@gmail.com',NULL,NULL,'2023-12-22 08:01:37.739778','ENABLE','16:00',795,70000.000000000000000000000000000000),(13163,'admin1@gmail.com',NULL,NULL,'2023-12-22 08:01:37.739777','ENABLE','15:00',795,70000.000000000000000000000000000000),(13164,'admin1@gmail.com',NULL,NULL,'2023-12-22 08:01:37.739776','ENABLE','14:00',795,70000.000000000000000000000000000000),(13165,'admin1@gmail.com',NULL,NULL,'2023-12-22 08:01:37.739775','ENABLE','13:00',795,70000.000000000000000000000000000000),(13166,'admin1@gmail.com',NULL,NULL,'2023-12-22 08:01:37.739774','ENABLE','12:00',795,70000.000000000000000000000000000000),(13167,'admin1@gmail.com',NULL,NULL,'2023-12-22 08:01:37.739773','ENABLE','11:00',795,70000.000000000000000000000000000000),(13168,'admin1@gmail.com',NULL,NULL,'2023-12-22 08:01:37.739772','ENABLE','10:00',795,70000.000000000000000000000000000000),(13169,'admin1@gmail.com',NULL,NULL,'2023-12-22 08:01:37.739772','ENABLE','09:00',795,70000.000000000000000000000000000000),(13170,'admin1@gmail.com',NULL,NULL,'2023-12-22 08:01:37.739771','ENABLE','08:00',795,70000.000000000000000000000000000000),(13171,'admin1@gmail.com',NULL,NULL,'2023-12-22 08:01:37.739770','ENABLE','07:00',795,70000.000000000000000000000000000000),(13172,'admin1@gmail.com',NULL,NULL,'2023-12-22 08:01:37.739769','ENABLE','06:00',795,70000.000000000000000000000000000000),(13173,'admin1@gmail.com',NULL,NULL,'2023-12-22 08:01:37.739769','ENABLE','05:00',795,70000.000000000000000000000000000000),(13174,'admin1@gmail.com',NULL,NULL,'2023-12-22 08:01:37.739768','ENABLE','04:00',795,70000.000000000000000000000000000000),(13175,'admin1@gmail.com',NULL,NULL,'2023-12-22 08:01:37.739767','ENABLE','03:00',795,70000.000000000000000000000000000000),(13176,'admin1@gmail.com',NULL,NULL,'2023-12-22 08:01:37.739766','ENABLE','02:00',795,70000.000000000000000000000000000000),(13177,'admin1@gmail.com',NULL,NULL,'2023-12-22 08:01:37.739765','ENABLE','01:00',795,70000.000000000000000000000000000000),(13178,'admin1@gmail.com',NULL,NULL,'2023-12-22 08:01:37.739783','ENABLE','22:00',795,70000.000000000000000000000000000000),(13179,'admin1@gmail.com',NULL,NULL,'2023-12-22 08:01:37.739783','ENABLE','23:00',795,70000.000000000000000000000000000000),(13180,'admin1@gmail.com',NULL,NULL,'2023-12-22 08:01:37.757956','ENABLE','00:00',796,70000.000000000000000000000000000000),(13181,'admin1@gmail.com',NULL,NULL,'2023-12-22 08:01:37.757975','ENABLE','21:00',796,70000.000000000000000000000000000000),(13182,'admin1@gmail.com',NULL,NULL,'2023-12-22 08:01:37.757974','ENABLE','20:00',796,70000.000000000000000000000000000000),(13183,'admin1@gmail.com',NULL,NULL,'2023-12-22 08:01:37.757973','ENABLE','19:00',796,70000.000000000000000000000000000000),(13184,'admin1@gmail.com',NULL,NULL,'2023-12-22 08:01:37.757972','ENABLE','18:00',796,70000.000000000000000000000000000000),(13185,'admin1@gmail.com',NULL,NULL,'2023-12-22 08:01:37.757972','ENABLE','17:00',796,70000.000000000000000000000000000000),(13186,'admin1@gmail.com',NULL,NULL,'2023-12-22 08:01:37.757971','ENABLE','16:00',796,70000.000000000000000000000000000000),(13187,'admin1@gmail.com',NULL,NULL,'2023-12-22 08:01:37.757970','ENABLE','15:00',796,70000.000000000000000000000000000000),(13188,'admin1@gmail.com',NULL,NULL,'2023-12-22 08:01:37.757969','ENABLE','14:00',796,70000.000000000000000000000000000000),(13189,'admin1@gmail.com',NULL,NULL,'2023-12-22 08:01:37.757969','ENABLE','13:00',796,70000.000000000000000000000000000000),(13190,'admin1@gmail.com',NULL,NULL,'2023-12-22 08:01:37.757968','ENABLE','12:00',796,70000.000000000000000000000000000000),(13191,'admin1@gmail.com',NULL,NULL,'2023-12-22 08:01:37.757967','ENABLE','11:00',796,70000.000000000000000000000000000000),(13192,'admin1@gmail.com',NULL,NULL,'2023-12-22 08:01:37.757966','ENABLE','10:00',796,70000.000000000000000000000000000000),(13193,'admin1@gmail.com',NULL,NULL,'2023-12-22 08:01:37.757965','ENABLE','09:00',796,70000.000000000000000000000000000000),(13194,'admin1@gmail.com',NULL,NULL,'2023-12-22 08:01:37.757965','ENABLE','08:00',796,70000.000000000000000000000000000000),(13195,'admin1@gmail.com',NULL,NULL,'2023-12-22 08:01:37.757964','ENABLE','07:00',796,70000.000000000000000000000000000000),(13196,'admin1@gmail.com',NULL,NULL,'2023-12-22 08:01:37.757963','ENABLE','06:00',796,70000.000000000000000000000000000000),(13197,'admin1@gmail.com',NULL,NULL,'2023-12-22 08:01:37.757962','ENABLE','05:00',796,70000.000000000000000000000000000000),(13198,'admin1@gmail.com',NULL,NULL,'2023-12-22 08:01:37.757962','ENABLE','04:00',796,70000.000000000000000000000000000000),(13199,'admin1@gmail.com',NULL,NULL,'2023-12-22 08:01:37.757961','ENABLE','03:00',796,70000.000000000000000000000000000000),(13200,'admin1@gmail.com',NULL,NULL,'2023-12-22 08:01:37.757960','ENABLE','02:00',796,70000.000000000000000000000000000000),(13201,'admin1@gmail.com',NULL,NULL,'2023-12-22 08:01:37.757959','ENABLE','01:00',796,70000.000000000000000000000000000000),(13202,'admin1@gmail.com',NULL,NULL,'2023-12-22 08:01:37.757976','ENABLE','22:00',796,70000.000000000000000000000000000000),(13203,'admin1@gmail.com',NULL,NULL,'2023-12-22 08:01:37.757976','ENABLE','23:00',796,70000.000000000000000000000000000000),(13204,'admin1@gmail.com',NULL,NULL,'2023-12-22 08:01:37.784696','ENABLE','00:00',797,70000.000000000000000000000000000000),(13205,'admin1@gmail.com',NULL,NULL,'2023-12-22 08:01:37.784717','ENABLE','21:00',797,70000.000000000000000000000000000000),(13206,'admin1@gmail.com',NULL,NULL,'2023-12-22 08:01:37.784716','ENABLE','20:00',797,70000.000000000000000000000000000000),(13207,'admin1@gmail.com',NULL,NULL,'2023-12-22 08:01:37.784715','ENABLE','19:00',797,70000.000000000000000000000000000000),(13208,'admin1@gmail.com',NULL,NULL,'2023-12-22 08:01:37.784715','ENABLE','18:00',797,70000.000000000000000000000000000000),(13209,'admin1@gmail.com',NULL,NULL,'2023-12-22 08:01:37.784714','ENABLE','17:00',797,70000.000000000000000000000000000000),(13210,'admin1@gmail.com',NULL,NULL,'2023-12-22 08:01:37.784713','ENABLE','16:00',797,70000.000000000000000000000000000000),(13211,'admin1@gmail.com',NULL,NULL,'2023-12-22 08:01:37.784712','ENABLE','15:00',797,70000.000000000000000000000000000000),(13212,'admin1@gmail.com',NULL,NULL,'2023-12-22 08:01:37.784711','ENABLE','14:00',797,70000.000000000000000000000000000000),(13213,'admin1@gmail.com',NULL,NULL,'2023-12-22 08:01:37.784710','ENABLE','13:00',797,70000.000000000000000000000000000000),(13214,'admin1@gmail.com',NULL,NULL,'2023-12-22 08:01:37.784709','ENABLE','12:00',797,70000.000000000000000000000000000000),(13215,'admin1@gmail.com',NULL,NULL,'2023-12-22 08:01:37.784709','ENABLE','11:00',797,70000.000000000000000000000000000000),(13216,'admin1@gmail.com',NULL,NULL,'2023-12-22 08:01:37.784708','ENABLE','10:00',797,70000.000000000000000000000000000000),(13217,'admin1@gmail.com',NULL,NULL,'2023-12-22 08:01:37.784707','ENABLE','09:00',797,70000.000000000000000000000000000000),(13218,'admin1@gmail.com',NULL,NULL,'2023-12-22 08:01:37.784706','ENABLE','08:00',797,70000.000000000000000000000000000000),(13219,'admin1@gmail.com',NULL,NULL,'2023-12-22 08:01:37.784706','ENABLE','07:00',797,70000.000000000000000000000000000000),(13220,'admin1@gmail.com',NULL,NULL,'2023-12-22 08:01:37.784705','ENABLE','06:00',797,70000.000000000000000000000000000000),(13221,'admin1@gmail.com',NULL,NULL,'2023-12-22 08:01:37.784702','ENABLE','05:00',797,70000.000000000000000000000000000000),(13222,'admin1@gmail.com',NULL,NULL,'2023-12-22 08:01:37.784701','ENABLE','04:00',797,70000.000000000000000000000000000000),(13223,'admin1@gmail.com',NULL,NULL,'2023-12-22 08:01:37.784700','ENABLE','03:00',797,70000.000000000000000000000000000000),(13224,'admin1@gmail.com',NULL,NULL,'2023-12-22 08:01:37.784699','ENABLE','02:00',797,70000.000000000000000000000000000000),(13225,'admin1@gmail.com',NULL,NULL,'2023-12-22 08:01:37.784698','ENABLE','01:00',797,70000.000000000000000000000000000000),(13226,'admin1@gmail.com',NULL,NULL,'2023-12-22 08:01:37.784718','ENABLE','22:00',797,70000.000000000000000000000000000000),(13227,'admin1@gmail.com',NULL,NULL,'2023-12-22 08:01:37.784719','ENABLE','23:00',797,70000.000000000000000000000000000000),(13228,'admin1@gmail.com',NULL,NULL,'2023-12-22 08:01:37.803715','ENABLE','00:00',798,70000.000000000000000000000000000000),(13229,'admin1@gmail.com',NULL,NULL,'2023-12-22 08:01:37.803734','ENABLE','21:00',798,70000.000000000000000000000000000000),(13230,'admin1@gmail.com',NULL,NULL,'2023-12-22 08:01:37.803733','ENABLE','20:00',798,70000.000000000000000000000000000000),(13231,'admin1@gmail.com',NULL,NULL,'2023-12-22 08:01:37.803732','ENABLE','19:00',798,70000.000000000000000000000000000000),(13232,'admin1@gmail.com',NULL,NULL,'2023-12-22 08:01:37.803731','ENABLE','18:00',798,70000.000000000000000000000000000000),(13233,'admin1@gmail.com',NULL,NULL,'2023-12-22 08:01:37.803730','ENABLE','17:00',798,70000.000000000000000000000000000000),(13234,'admin1@gmail.com',NULL,NULL,'2023-12-22 08:01:37.803730','ENABLE','16:00',798,70000.000000000000000000000000000000),(13235,'admin1@gmail.com',NULL,NULL,'2023-12-22 08:01:37.803729','ENABLE','15:00',798,70000.000000000000000000000000000000),(13236,'admin1@gmail.com',NULL,NULL,'2023-12-22 08:01:37.803728','ENABLE','14:00',798,70000.000000000000000000000000000000),(13237,'admin1@gmail.com',NULL,NULL,'2023-12-22 08:01:37.803727','ENABLE','13:00',798,70000.000000000000000000000000000000),(13238,'admin1@gmail.com',NULL,NULL,'2023-12-22 08:01:37.803727','ENABLE','12:00',798,70000.000000000000000000000000000000),(13239,'admin1@gmail.com',NULL,NULL,'2023-12-22 08:01:37.803726','ENABLE','11:00',798,70000.000000000000000000000000000000),(13240,'admin1@gmail.com',NULL,NULL,'2023-12-22 08:01:37.803725','ENABLE','10:00',798,70000.000000000000000000000000000000),(13241,'admin1@gmail.com',NULL,NULL,'2023-12-22 08:01:37.803724','ENABLE','09:00',798,70000.000000000000000000000000000000),(13242,'admin1@gmail.com',NULL,NULL,'2023-12-22 08:01:37.803723','ENABLE','08:00',798,70000.000000000000000000000000000000),(13243,'admin1@gmail.com',NULL,NULL,'2023-12-22 08:01:37.803723','ENABLE','07:00',798,70000.000000000000000000000000000000),(13244,'admin1@gmail.com',NULL,NULL,'2023-12-22 08:01:37.803722','ENABLE','06:00',798,70000.000000000000000000000000000000),(13245,'admin1@gmail.com',NULL,NULL,'2023-12-22 08:01:37.803721','ENABLE','05:00',798,70000.000000000000000000000000000000),(13246,'admin1@gmail.com',NULL,NULL,'2023-12-22 08:01:37.803720','ENABLE','04:00',798,70000.000000000000000000000000000000),(13247,'admin1@gmail.com',NULL,NULL,'2023-12-22 08:01:37.803719','ENABLE','03:00',798,70000.000000000000000000000000000000),(13248,'admin1@gmail.com',NULL,NULL,'2023-12-22 08:01:37.803719','ENABLE','02:00',798,70000.000000000000000000000000000000),(13249,'admin1@gmail.com',NULL,NULL,'2023-12-22 08:01:37.803718','ENABLE','01:00',798,70000.000000000000000000000000000000),(13250,'admin1@gmail.com',NULL,NULL,'2023-12-22 08:01:37.803734','ENABLE','22:00',798,70000.000000000000000000000000000000),(13251,'admin1@gmail.com',NULL,NULL,'2023-12-22 08:01:37.803735','ENABLE','23:00',798,70000.000000000000000000000000000000),(13252,'admin1@gmail.com',NULL,NULL,'2023-12-22 08:05:31.887974','ENABLE','00:00',799,78000.000000000000000000000000000000),(13253,'admin1@gmail.com',NULL,NULL,'2023-12-22 08:05:31.887993','ENABLE','21:00',799,78000.000000000000000000000000000000),(13254,'admin1@gmail.com',NULL,NULL,'2023-12-22 08:05:31.887992','ENABLE','20:00',799,78000.000000000000000000000000000000),(13255,'admin1@gmail.com',NULL,NULL,'2023-12-22 08:05:31.887991','ENABLE','19:00',799,78000.000000000000000000000000000000),(13256,'admin1@gmail.com',NULL,NULL,'2023-12-22 08:05:31.887990','ENABLE','18:00',799,78000.000000000000000000000000000000),(13257,'admin1@gmail.com',NULL,NULL,'2023-12-22 08:05:31.887989','ENABLE','17:00',799,78000.000000000000000000000000000000),(13258,'admin1@gmail.com',NULL,NULL,'2023-12-22 08:05:31.887989','ENABLE','16:00',799,78000.000000000000000000000000000000),(13259,'admin1@gmail.com',NULL,NULL,'2023-12-22 08:05:31.887988','ENABLE','15:00',799,78000.000000000000000000000000000000),(13260,'admin1@gmail.com',NULL,NULL,'2023-12-22 08:05:31.887987','ENABLE','14:00',799,78000.000000000000000000000000000000),(13261,'admin1@gmail.com',NULL,NULL,'2023-12-22 08:05:31.887986','ENABLE','13:00',799,78000.000000000000000000000000000000),(13262,'admin1@gmail.com',NULL,NULL,'2023-12-22 08:05:31.887985','ENABLE','12:00',799,78000.000000000000000000000000000000),(13263,'admin1@gmail.com',NULL,NULL,'2023-12-22 08:05:31.887984','ENABLE','11:00',799,78000.000000000000000000000000000000),(13264,'admin1@gmail.com',NULL,NULL,'2023-12-22 08:05:31.887984','ENABLE','10:00',799,78000.000000000000000000000000000000),(13265,'admin1@gmail.com',NULL,NULL,'2023-12-22 08:05:31.887983','ENABLE','09:00',799,78000.000000000000000000000000000000),(13266,'admin1@gmail.com',NULL,NULL,'2023-12-22 08:05:31.887982','ENABLE','08:00',799,78000.000000000000000000000000000000),(13267,'admin1@gmail.com',NULL,NULL,'2023-12-22 08:05:31.887981','ENABLE','07:00',799,78000.000000000000000000000000000000),(13268,'admin1@gmail.com',NULL,NULL,'2023-12-22 08:05:31.887980','ENABLE','06:00',799,78000.000000000000000000000000000000),(13269,'admin1@gmail.com',NULL,NULL,'2023-12-22 08:05:31.887979','ENABLE','05:00',799,78000.000000000000000000000000000000),(13270,'admin1@gmail.com',NULL,NULL,'2023-12-22 08:05:31.887979','ENABLE','04:00',799,78000.000000000000000000000000000000),(13271,'admin1@gmail.com',NULL,NULL,'2023-12-22 08:05:31.887978','ENABLE','03:00',799,78000.000000000000000000000000000000),(13272,'admin1@gmail.com',NULL,NULL,'2023-12-22 08:05:31.887977','ENABLE','02:00',799,78000.000000000000000000000000000000),(13273,'admin1@gmail.com',NULL,NULL,'2023-12-22 08:05:31.887976','ENABLE','01:00',799,78000.000000000000000000000000000000),(13274,'admin1@gmail.com',NULL,NULL,'2023-12-22 08:05:31.887993','ENABLE','22:00',799,78000.000000000000000000000000000000),(13275,'admin1@gmail.com',NULL,NULL,'2023-12-22 08:05:31.887994','ENABLE','23:00',799,78000.000000000000000000000000000000),(13276,'admin1@gmail.com',NULL,NULL,'2023-12-22 08:05:31.924697','ENABLE','00:00',800,78000.000000000000000000000000000000),(13277,'admin1@gmail.com',NULL,NULL,'2023-12-22 08:05:31.924758','ENABLE','21:00',800,78000.000000000000000000000000000000),(13278,'admin1@gmail.com',NULL,NULL,'2023-12-22 08:05:31.924756','ENABLE','20:00',800,78000.000000000000000000000000000000),(13279,'admin1@gmail.com',NULL,NULL,'2023-12-22 08:05:31.924753','ENABLE','19:00',800,78000.000000000000000000000000000000),(13280,'admin1@gmail.com',NULL,NULL,'2023-12-22 08:05:31.924751','ENABLE','18:00',800,78000.000000000000000000000000000000),(13281,'admin1@gmail.com',NULL,NULL,'2023-12-22 08:05:31.924748','ENABLE','17:00',800,78000.000000000000000000000000000000),(13282,'admin1@gmail.com',NULL,NULL,'2023-12-22 08:05:31.924746','ENABLE','16:00',800,78000.000000000000000000000000000000),(13283,'admin1@gmail.com',NULL,NULL,'2023-12-22 08:05:31.924744','ENABLE','15:00',800,78000.000000000000000000000000000000),(13284,'admin1@gmail.com',NULL,NULL,'2023-12-22 08:05:31.924741','ENABLE','14:00',800,78000.000000000000000000000000000000),(13285,'admin1@gmail.com',NULL,NULL,'2023-12-22 08:05:31.924739','ENABLE','13:00',800,78000.000000000000000000000000000000),(13286,'admin1@gmail.com',NULL,NULL,'2023-12-22 08:05:31.924736','ENABLE','12:00',800,78000.000000000000000000000000000000),(13287,'admin1@gmail.com',NULL,NULL,'2023-12-22 08:05:31.924734','ENABLE','11:00',800,78000.000000000000000000000000000000),(13288,'admin1@gmail.com',NULL,NULL,'2023-12-22 08:05:31.924731','ENABLE','10:00',800,78000.000000000000000000000000000000),(13289,'admin1@gmail.com',NULL,NULL,'2023-12-22 08:05:31.924728','ENABLE','09:00',800,78000.000000000000000000000000000000),(13290,'admin1@gmail.com',NULL,NULL,'2023-12-22 08:05:31.924718','ENABLE','08:00',800,78000.000000000000000000000000000000),(13291,'admin1@gmail.com',NULL,NULL,'2023-12-22 08:05:31.924716','ENABLE','07:00',800,78000.000000000000000000000000000000),(13292,'admin1@gmail.com',NULL,NULL,'2023-12-22 08:05:31.924714','ENABLE','06:00',800,78000.000000000000000000000000000000),(13293,'admin1@gmail.com',NULL,NULL,'2023-12-22 08:05:31.924712','ENABLE','05:00',800,78000.000000000000000000000000000000),(13294,'admin1@gmail.com',NULL,NULL,'2023-12-22 08:05:31.924709','ENABLE','04:00',800,78000.000000000000000000000000000000),(13295,'admin1@gmail.com',NULL,NULL,'2023-12-22 08:05:31.924707','ENABLE','03:00',800,78000.000000000000000000000000000000),(13296,'admin1@gmail.com',NULL,NULL,'2023-12-22 08:05:31.924705','ENABLE','02:00',800,78000.000000000000000000000000000000),(13297,'admin1@gmail.com',NULL,NULL,'2023-12-22 08:05:31.924702','ENABLE','01:00',800,78000.000000000000000000000000000000),(13298,'admin1@gmail.com',NULL,NULL,'2023-12-22 08:05:31.924760','ENABLE','22:00',800,78000.000000000000000000000000000000),(13299,'admin1@gmail.com',NULL,NULL,'2023-12-22 08:05:31.924762','ENABLE','23:00',800,78000.000000000000000000000000000000),(13300,'admin1@gmail.com',NULL,NULL,'2023-12-22 08:05:31.953330','ENABLE','00:00',801,78000.000000000000000000000000000000),(13301,'admin1@gmail.com',NULL,NULL,'2023-12-22 08:05:31.953352','ENABLE','21:00',801,78000.000000000000000000000000000000),(13302,'admin1@gmail.com',NULL,NULL,'2023-12-22 08:05:31.953348','ENABLE','20:00',801,78000.000000000000000000000000000000),(13303,'admin1@gmail.com',NULL,NULL,'2023-12-22 08:05:31.953347','ENABLE','19:00',801,78000.000000000000000000000000000000),(13304,'admin1@gmail.com',NULL,NULL,'2023-12-22 08:05:31.953347','ENABLE','18:00',801,78000.000000000000000000000000000000),(13305,'admin1@gmail.com',NULL,NULL,'2023-12-22 08:05:31.953346','ENABLE','17:00',801,78000.000000000000000000000000000000),(13306,'admin1@gmail.com',NULL,NULL,'2023-12-22 08:05:31.953345','ENABLE','16:00',801,78000.000000000000000000000000000000),(13307,'admin1@gmail.com',NULL,NULL,'2023-12-22 08:05:31.953344','ENABLE','15:00',801,78000.000000000000000000000000000000),(13308,'admin1@gmail.com',NULL,NULL,'2023-12-22 08:05:31.953343','ENABLE','14:00',801,78000.000000000000000000000000000000),(13309,'admin1@gmail.com',NULL,NULL,'2023-12-22 08:05:31.953343','ENABLE','13:00',801,78000.000000000000000000000000000000),(13310,'admin1@gmail.com',NULL,NULL,'2023-12-22 08:05:31.953342','ENABLE','12:00',801,78000.000000000000000000000000000000),(13311,'admin1@gmail.com',NULL,NULL,'2023-12-22 08:05:31.953341','ENABLE','11:00',801,78000.000000000000000000000000000000),(13312,'admin1@gmail.com',NULL,NULL,'2023-12-22 08:05:31.953340','ENABLE','10:00',801,78000.000000000000000000000000000000),(13313,'admin1@gmail.com',NULL,NULL,'2023-12-22 08:05:31.953339','ENABLE','09:00',801,78000.000000000000000000000000000000),(13314,'admin1@gmail.com',NULL,NULL,'2023-12-22 08:05:31.953338','ENABLE','08:00',801,78000.000000000000000000000000000000),(13315,'admin1@gmail.com',NULL,NULL,'2023-12-22 08:05:31.953337','ENABLE','07:00',801,78000.000000000000000000000000000000),(13316,'admin1@gmail.com',NULL,NULL,'2023-12-22 08:05:31.953337','ENABLE','06:00',801,78000.000000000000000000000000000000),(13317,'admin1@gmail.com',NULL,NULL,'2023-12-22 08:05:31.953336','ENABLE','05:00',801,78000.000000000000000000000000000000),(13318,'admin1@gmail.com',NULL,NULL,'2023-12-22 08:05:31.953335','ENABLE','04:00',801,78000.000000000000000000000000000000),(13319,'admin1@gmail.com',NULL,NULL,'2023-12-22 08:05:31.953334','ENABLE','03:00',801,78000.000000000000000000000000000000),(13320,'admin1@gmail.com',NULL,NULL,'2023-12-22 08:05:31.953333','ENABLE','02:00',801,78000.000000000000000000000000000000),(13321,'admin1@gmail.com',NULL,NULL,'2023-12-22 08:05:31.953332','ENABLE','01:00',801,78000.000000000000000000000000000000),(13322,'admin1@gmail.com',NULL,NULL,'2023-12-22 08:05:31.953353','ENABLE','22:00',801,78000.000000000000000000000000000000),(13323,'admin1@gmail.com',NULL,NULL,'2023-12-22 08:05:31.953354','ENABLE','23:00',801,78000.000000000000000000000000000000),(13324,'admin1@gmail.com',NULL,NULL,'2023-12-22 08:05:31.969810','ENABLE','00:00',802,78000.000000000000000000000000000000),(13325,'admin1@gmail.com',NULL,NULL,'2023-12-22 08:05:31.969832','ENABLE','21:00',802,78000.000000000000000000000000000000),(13326,'admin1@gmail.com',NULL,NULL,'2023-12-22 08:05:31.969831','ENABLE','20:00',802,78000.000000000000000000000000000000),(13327,'admin1@gmail.com',NULL,NULL,'2023-12-22 08:05:31.969830','ENABLE','19:00',802,78000.000000000000000000000000000000),(13328,'admin1@gmail.com',NULL,NULL,'2023-12-22 08:05:31.969829','ENABLE','18:00',802,78000.000000000000000000000000000000),(13329,'admin1@gmail.com',NULL,NULL,'2023-12-22 08:05:31.969829','ENABLE','17:00',802,78000.000000000000000000000000000000),(13330,'admin1@gmail.com',NULL,NULL,'2023-12-22 08:05:31.969828','ENABLE','16:00',802,78000.000000000000000000000000000000),(13331,'admin1@gmail.com',NULL,NULL,'2023-12-22 08:05:31.969827','ENABLE','15:00',802,78000.000000000000000000000000000000),(13332,'admin1@gmail.com',NULL,NULL,'2023-12-22 08:05:31.969826','ENABLE','14:00',802,78000.000000000000000000000000000000),(13333,'admin1@gmail.com',NULL,NULL,'2023-12-22 08:05:31.969825','ENABLE','13:00',802,78000.000000000000000000000000000000),(13334,'admin1@gmail.com',NULL,NULL,'2023-12-22 08:05:31.969824','ENABLE','12:00',802,78000.000000000000000000000000000000),(13335,'admin1@gmail.com',NULL,NULL,'2023-12-22 08:05:31.969824','ENABLE','11:00',802,78000.000000000000000000000000000000),(13336,'admin1@gmail.com',NULL,NULL,'2023-12-22 08:05:31.969823','ENABLE','10:00',802,78000.000000000000000000000000000000),(13337,'admin1@gmail.com',NULL,NULL,'2023-12-22 08:05:31.969822','ENABLE','09:00',802,78000.000000000000000000000000000000),(13338,'admin1@gmail.com',NULL,NULL,'2023-12-22 08:05:31.969821','ENABLE','08:00',802,78000.000000000000000000000000000000),(13339,'admin1@gmail.com',NULL,NULL,'2023-12-22 08:05:31.969820','ENABLE','07:00',802,78000.000000000000000000000000000000),(13340,'admin1@gmail.com',NULL,NULL,'2023-12-22 08:05:31.969817','ENABLE','06:00',802,78000.000000000000000000000000000000),(13341,'admin1@gmail.com',NULL,NULL,'2023-12-22 08:05:31.969816','ENABLE','05:00',802,78000.000000000000000000000000000000),(13342,'admin1@gmail.com',NULL,NULL,'2023-12-22 08:05:31.969815','ENABLE','04:00',802,78000.000000000000000000000000000000),(13343,'admin1@gmail.com',NULL,NULL,'2023-12-22 08:05:31.969815','ENABLE','03:00',802,78000.000000000000000000000000000000),(13344,'admin1@gmail.com',NULL,NULL,'2023-12-22 08:05:31.969814','ENABLE','02:00',802,78000.000000000000000000000000000000),(13345,'admin1@gmail.com',NULL,NULL,'2023-12-22 08:05:31.969813','ENABLE','01:00',802,78000.000000000000000000000000000000),(13346,'admin1@gmail.com',NULL,NULL,'2023-12-22 08:05:31.969832','ENABLE','22:00',802,78000.000000000000000000000000000000),(13347,'admin1@gmail.com',NULL,NULL,'2023-12-22 08:05:31.969833','ENABLE','23:00',802,78000.000000000000000000000000000000),(13348,'admin1@gmail.com',NULL,NULL,'2023-12-22 08:09:03.667077','ENABLE','00:00',803,69900.000000000000000000000000000000),(13349,'admin1@gmail.com',NULL,NULL,'2023-12-22 08:09:03.667101','ENABLE','21:00',803,69900.000000000000000000000000000000),(13350,'admin1@gmail.com',NULL,NULL,'2023-12-22 08:09:03.667100','ENABLE','20:00',803,69900.000000000000000000000000000000),(13351,'admin1@gmail.com',NULL,NULL,'2023-12-22 08:09:03.667099','ENABLE','19:00',803,69900.000000000000000000000000000000),(13352,'admin1@gmail.com',NULL,NULL,'2023-12-22 08:09:03.667098','ENABLE','18:00',803,69900.000000000000000000000000000000),(13353,'admin1@gmail.com',NULL,NULL,'2023-12-22 08:09:03.667098','ENABLE','17:00',803,69900.000000000000000000000000000000),(13354,'admin1@gmail.com',NULL,NULL,'2023-12-22 08:09:03.667097','ENABLE','16:00',803,69900.000000000000000000000000000000),(13355,'admin1@gmail.com',NULL,NULL,'2023-12-22 08:09:03.667096','ENABLE','15:00',803,69900.000000000000000000000000000000),(13356,'admin1@gmail.com',NULL,NULL,'2023-12-22 08:09:03.667095','ENABLE','14:00',803,69900.000000000000000000000000000000),(13357,'admin1@gmail.com',NULL,NULL,'2023-12-22 08:09:03.667094','ENABLE','13:00',803,69900.000000000000000000000000000000),(13358,'admin1@gmail.com',NULL,NULL,'2023-12-22 08:09:03.667094','ENABLE','12:00',803,69900.000000000000000000000000000000),(13359,'admin1@gmail.com',NULL,NULL,'2023-12-22 08:09:03.667093','ENABLE','11:00',803,69900.000000000000000000000000000000),(13360,'admin1@gmail.com',NULL,NULL,'2023-12-22 08:09:03.667092','ENABLE','10:00',803,69900.000000000000000000000000000000),(13361,'admin1@gmail.com',NULL,NULL,'2023-12-22 08:09:03.667091','ENABLE','09:00',803,69900.000000000000000000000000000000),(13362,'admin1@gmail.com',NULL,NULL,'2023-12-22 08:09:03.667090','ENABLE','08:00',803,69900.000000000000000000000000000000),(13363,'admin1@gmail.com',NULL,NULL,'2023-12-22 08:09:03.667090','ENABLE','07:00',803,69900.000000000000000000000000000000),(13364,'admin1@gmail.com',NULL,NULL,'2023-12-22 08:09:03.667089','ENABLE','06:00',803,69900.000000000000000000000000000000),(13365,'admin1@gmail.com',NULL,NULL,'2023-12-22 08:09:03.667088','ENABLE','05:00',803,69900.000000000000000000000000000000),(13366,'admin1@gmail.com',NULL,NULL,'2023-12-22 08:09:03.667087','ENABLE','04:00',803,69900.000000000000000000000000000000),(13367,'admin1@gmail.com',NULL,NULL,'2023-12-22 08:09:03.667086','ENABLE','03:00',803,69900.000000000000000000000000000000),(13368,'admin1@gmail.com',NULL,NULL,'2023-12-22 08:09:03.667086','ENABLE','02:00',803,69900.000000000000000000000000000000),(13369,'admin1@gmail.com',NULL,NULL,'2023-12-22 08:09:03.667085','ENABLE','01:00',803,69900.000000000000000000000000000000),(13370,'admin1@gmail.com',NULL,NULL,'2023-12-22 08:09:03.667101','ENABLE','22:00',803,69900.000000000000000000000000000000),(13371,'admin1@gmail.com',NULL,NULL,'2023-12-22 08:09:03.667102','ENABLE','23:00',803,69900.000000000000000000000000000000),(13372,'admin1@gmail.com',NULL,NULL,'2023-12-22 08:09:03.681278','ENABLE','00:00',804,69900.000000000000000000000000000000),(13373,'admin1@gmail.com',NULL,NULL,'2023-12-22 08:09:03.681299','ENABLE','21:00',804,69900.000000000000000000000000000000),(13374,'admin1@gmail.com',NULL,NULL,'2023-12-22 08:09:03.681298','ENABLE','20:00',804,69900.000000000000000000000000000000),(13375,'admin1@gmail.com',NULL,NULL,'2023-12-22 08:09:03.681295','ENABLE','19:00',804,69900.000000000000000000000000000000),(13376,'admin1@gmail.com',NULL,NULL,'2023-12-22 08:09:03.681294','ENABLE','18:00',804,69900.000000000000000000000000000000),(13377,'admin1@gmail.com',NULL,NULL,'2023-12-22 08:09:03.681293','ENABLE','17:00',804,69900.000000000000000000000000000000),(13378,'admin1@gmail.com',NULL,NULL,'2023-12-22 08:09:03.681292','ENABLE','16:00',804,69900.000000000000000000000000000000),(13379,'admin1@gmail.com',NULL,NULL,'2023-12-22 08:09:03.681291','ENABLE','15:00',804,69900.000000000000000000000000000000),(13380,'admin1@gmail.com',NULL,NULL,'2023-12-22 08:09:03.681291','ENABLE','14:00',804,69900.000000000000000000000000000000),(13381,'admin1@gmail.com',NULL,NULL,'2023-12-22 08:09:03.681290','ENABLE','13:00',804,69900.000000000000000000000000000000),(13382,'admin1@gmail.com',NULL,NULL,'2023-12-22 08:09:03.681289','ENABLE','12:00',804,69900.000000000000000000000000000000),(13383,'admin1@gmail.com',NULL,NULL,'2023-12-22 08:09:03.681288','ENABLE','11:00',804,69900.000000000000000000000000000000),(13384,'admin1@gmail.com',NULL,NULL,'2023-12-22 08:09:03.681287','ENABLE','10:00',804,69900.000000000000000000000000000000),(13385,'admin1@gmail.com',NULL,NULL,'2023-12-22 08:09:03.681287','ENABLE','09:00',804,69900.000000000000000000000000000000),(13386,'admin1@gmail.com',NULL,NULL,'2023-12-22 08:09:03.681286','ENABLE','08:00',804,69900.000000000000000000000000000000),(13387,'admin1@gmail.com',NULL,NULL,'2023-12-22 08:09:03.681285','ENABLE','07:00',804,69900.000000000000000000000000000000),(13388,'admin1@gmail.com',NULL,NULL,'2023-12-22 08:09:03.681284','ENABLE','06:00',804,69900.000000000000000000000000000000),(13389,'admin1@gmail.com',NULL,NULL,'2023-12-22 08:09:03.681283','ENABLE','05:00',804,69900.000000000000000000000000000000),(13390,'admin1@gmail.com',NULL,NULL,'2023-12-22 08:09:03.681283','ENABLE','04:00',804,69900.000000000000000000000000000000),(13391,'admin1@gmail.com',NULL,NULL,'2023-12-22 08:09:03.681282','ENABLE','03:00',804,69900.000000000000000000000000000000),(13392,'admin1@gmail.com',NULL,NULL,'2023-12-22 08:09:03.681281','ENABLE','02:00',804,69900.000000000000000000000000000000),(13393,'admin1@gmail.com',NULL,NULL,'2023-12-22 08:09:03.681280','ENABLE','01:00',804,69900.000000000000000000000000000000),(13394,'admin1@gmail.com',NULL,NULL,'2023-12-22 08:09:03.681300','ENABLE','22:00',804,69900.000000000000000000000000000000),(13395,'admin1@gmail.com',NULL,NULL,'2023-12-22 08:09:03.681300','ENABLE','23:00',804,69900.000000000000000000000000000000),(13396,'admin1@gmail.com',NULL,NULL,'2023-12-22 08:09:03.700551','ENABLE','00:00',805,69900.000000000000000000000000000000),(13397,'admin1@gmail.com',NULL,NULL,'2023-12-22 08:09:03.700572','ENABLE','21:00',805,69900.000000000000000000000000000000),(13398,'admin1@gmail.com',NULL,NULL,'2023-12-22 08:09:03.700571','ENABLE','20:00',805,69900.000000000000000000000000000000),(13399,'admin1@gmail.com',NULL,NULL,'2023-12-22 08:09:03.700571','ENABLE','19:00',805,69900.000000000000000000000000000000),(13400,'admin1@gmail.com',NULL,NULL,'2023-12-22 08:09:03.700570','ENABLE','18:00',805,69900.000000000000000000000000000000),(13401,'admin1@gmail.com',NULL,NULL,'2023-12-22 08:09:03.700569','ENABLE','17:00',805,69900.000000000000000000000000000000),(13402,'admin1@gmail.com',NULL,NULL,'2023-12-22 08:09:03.700568','ENABLE','16:00',805,69900.000000000000000000000000000000),(13403,'admin1@gmail.com',NULL,NULL,'2023-12-22 08:09:03.700567','ENABLE','15:00',805,69900.000000000000000000000000000000),(13404,'admin1@gmail.com',NULL,NULL,'2023-12-22 08:09:03.700566','ENABLE','14:00',805,69900.000000000000000000000000000000),(13405,'admin1@gmail.com',NULL,NULL,'2023-12-22 08:09:03.700566','ENABLE','13:00',805,69900.000000000000000000000000000000),(13406,'admin1@gmail.com',NULL,NULL,'2023-12-22 08:09:03.700565','ENABLE','12:00',805,69900.000000000000000000000000000000),(13407,'admin1@gmail.com',NULL,NULL,'2023-12-22 08:09:03.700564','ENABLE','11:00',805,69900.000000000000000000000000000000),(13408,'admin1@gmail.com',NULL,NULL,'2023-12-22 08:09:03.700563','ENABLE','10:00',805,69900.000000000000000000000000000000),(13409,'admin1@gmail.com',NULL,NULL,'2023-12-22 08:09:03.700562','ENABLE','09:00',805,69900.000000000000000000000000000000),(13410,'admin1@gmail.com',NULL,NULL,'2023-12-22 08:09:03.700559','ENABLE','08:00',805,69900.000000000000000000000000000000),(13411,'admin1@gmail.com',NULL,NULL,'2023-12-22 08:09:03.700558','ENABLE','07:00',805,69900.000000000000000000000000000000),(13412,'admin1@gmail.com',NULL,NULL,'2023-12-22 08:09:03.700557','ENABLE','06:00',805,69900.000000000000000000000000000000),(13413,'admin1@gmail.com',NULL,NULL,'2023-12-22 08:09:03.700556','ENABLE','05:00',805,69900.000000000000000000000000000000),(13414,'admin1@gmail.com',NULL,NULL,'2023-12-22 08:09:03.700556','ENABLE','04:00',805,69900.000000000000000000000000000000),(13415,'admin1@gmail.com',NULL,NULL,'2023-12-22 08:09:03.700555','ENABLE','03:00',805,69900.000000000000000000000000000000),(13416,'admin1@gmail.com',NULL,NULL,'2023-12-22 08:09:03.700554','ENABLE','02:00',805,69900.000000000000000000000000000000),(13417,'admin1@gmail.com',NULL,NULL,'2023-12-22 08:09:03.700553','ENABLE','01:00',805,69900.000000000000000000000000000000),(13418,'admin1@gmail.com',NULL,NULL,'2023-12-22 08:09:03.700573','ENABLE','22:00',805,69900.000000000000000000000000000000),(13419,'admin1@gmail.com',NULL,NULL,'2023-12-22 08:09:03.700574','ENABLE','23:00',805,69900.000000000000000000000000000000),(13420,'admin1@gmail.com',NULL,NULL,'2023-12-22 08:09:03.715364','ENABLE','00:00',806,69900.000000000000000000000000000000),(13421,'admin1@gmail.com',NULL,NULL,'2023-12-22 08:09:03.715388','ENABLE','21:00',806,69900.000000000000000000000000000000),(13422,'admin1@gmail.com',NULL,NULL,'2023-12-22 08:09:03.715387','ENABLE','20:00',806,69900.000000000000000000000000000000),(13423,'admin1@gmail.com',NULL,NULL,'2023-12-22 08:09:03.715387','ENABLE','19:00',806,69900.000000000000000000000000000000),(13424,'admin1@gmail.com',NULL,NULL,'2023-12-22 08:09:03.715386','ENABLE','18:00',806,69900.000000000000000000000000000000),(13425,'admin1@gmail.com',NULL,NULL,'2023-12-22 08:09:03.715385','ENABLE','17:00',806,69900.000000000000000000000000000000),(13426,'admin1@gmail.com',NULL,NULL,'2023-12-22 08:09:03.715384','ENABLE','16:00',806,69900.000000000000000000000000000000),(13427,'admin1@gmail.com',NULL,NULL,'2023-12-22 08:09:03.715383','ENABLE','15:00',806,69900.000000000000000000000000000000),(13428,'admin1@gmail.com',NULL,NULL,'2023-12-22 08:09:03.715382','ENABLE','14:00',806,69900.000000000000000000000000000000),(13429,'admin1@gmail.com',NULL,NULL,'2023-12-22 08:09:03.715382','ENABLE','13:00',806,69900.000000000000000000000000000000),(13430,'admin1@gmail.com',NULL,NULL,'2023-12-22 08:09:03.715381','ENABLE','12:00',806,69900.000000000000000000000000000000),(13431,'admin1@gmail.com',NULL,NULL,'2023-12-22 08:09:03.715380','ENABLE','11:00',806,69900.000000000000000000000000000000),(13432,'admin1@gmail.com',NULL,NULL,'2023-12-22 08:09:03.715379','ENABLE','10:00',806,69900.000000000000000000000000000000),(13433,'admin1@gmail.com',NULL,NULL,'2023-12-22 08:09:03.715378','ENABLE','09:00',806,69900.000000000000000000000000000000),(13434,'admin1@gmail.com',NULL,NULL,'2023-12-22 08:09:03.715377','ENABLE','08:00',806,69900.000000000000000000000000000000),(13435,'admin1@gmail.com',NULL,NULL,'2023-12-22 08:09:03.715376','ENABLE','07:00',806,69900.000000000000000000000000000000),(13436,'admin1@gmail.com',NULL,NULL,'2023-12-22 08:09:03.715371','ENABLE','06:00',806,69900.000000000000000000000000000000),(13437,'admin1@gmail.com',NULL,NULL,'2023-12-22 08:09:03.715370','ENABLE','05:00',806,69900.000000000000000000000000000000),(13438,'admin1@gmail.com',NULL,NULL,'2023-12-22 08:09:03.715369','ENABLE','04:00',806,69900.000000000000000000000000000000),(13439,'admin1@gmail.com',NULL,NULL,'2023-12-22 08:09:03.715368','ENABLE','03:00',806,69900.000000000000000000000000000000),(13440,'admin1@gmail.com',NULL,NULL,'2023-12-22 08:09:03.715368','ENABLE','02:00',806,69900.000000000000000000000000000000),(13441,'admin1@gmail.com',NULL,NULL,'2023-12-22 08:09:03.715367','ENABLE','01:00',806,69900.000000000000000000000000000000),(13442,'admin1@gmail.com',NULL,NULL,'2023-12-22 08:09:03.715389','ENABLE','22:00',806,69900.000000000000000000000000000000),(13443,'admin1@gmail.com',NULL,NULL,'2023-12-22 08:09:03.715390','ENABLE','23:00',806,69900.000000000000000000000000000000),(13444,'admin1@gmail.com',NULL,NULL,'2023-12-22 08:09:03.743623','ENABLE','00:00',807,69900.000000000000000000000000000000),(13445,'admin1@gmail.com',NULL,NULL,'2023-12-22 08:09:03.743642','ENABLE','21:00',807,69900.000000000000000000000000000000),(13446,'admin1@gmail.com',NULL,NULL,'2023-12-22 08:09:03.743641','ENABLE','20:00',807,69900.000000000000000000000000000000),(13447,'admin1@gmail.com',NULL,NULL,'2023-12-22 08:09:03.743640','ENABLE','19:00',807,69900.000000000000000000000000000000),(13448,'admin1@gmail.com',NULL,NULL,'2023-12-22 08:09:03.743639','ENABLE','18:00',807,69900.000000000000000000000000000000),(13449,'admin1@gmail.com',NULL,NULL,'2023-12-22 08:09:03.743638','ENABLE','17:00',807,69900.000000000000000000000000000000),(13450,'admin1@gmail.com',NULL,NULL,'2023-12-22 08:09:03.743638','ENABLE','16:00',807,69900.000000000000000000000000000000),(13451,'admin1@gmail.com',NULL,NULL,'2023-12-22 08:09:03.743637','ENABLE','15:00',807,69900.000000000000000000000000000000),(13452,'admin1@gmail.com',NULL,NULL,'2023-12-22 08:09:03.743636','ENABLE','14:00',807,69900.000000000000000000000000000000),(13453,'admin1@gmail.com',NULL,NULL,'2023-12-22 08:09:03.743635','ENABLE','13:00',807,69900.000000000000000000000000000000),(13454,'admin1@gmail.com',NULL,NULL,'2023-12-22 08:09:03.743635','ENABLE','12:00',807,69900.000000000000000000000000000000),(13455,'admin1@gmail.com',NULL,NULL,'2023-12-22 08:09:03.743634','ENABLE','11:00',807,69900.000000000000000000000000000000),(13456,'admin1@gmail.com',NULL,NULL,'2023-12-22 08:09:03.743633','ENABLE','10:00',807,69900.000000000000000000000000000000),(13457,'admin1@gmail.com',NULL,NULL,'2023-12-22 08:09:03.743632','ENABLE','09:00',807,69900.000000000000000000000000000000),(13458,'admin1@gmail.com',NULL,NULL,'2023-12-22 08:09:03.743631','ENABLE','08:00',807,69900.000000000000000000000000000000),(13459,'admin1@gmail.com',NULL,NULL,'2023-12-22 08:09:03.743631','ENABLE','07:00',807,69900.000000000000000000000000000000),(13460,'admin1@gmail.com',NULL,NULL,'2023-12-22 08:09:03.743630','ENABLE','06:00',807,69900.000000000000000000000000000000),(13461,'admin1@gmail.com',NULL,NULL,'2023-12-22 08:09:03.743629','ENABLE','05:00',807,69900.000000000000000000000000000000),(13462,'admin1@gmail.com',NULL,NULL,'2023-12-22 08:09:03.743628','ENABLE','04:00',807,69900.000000000000000000000000000000),(13463,'admin1@gmail.com',NULL,NULL,'2023-12-22 08:09:03.743628','ENABLE','03:00',807,69900.000000000000000000000000000000),(13464,'admin1@gmail.com',NULL,NULL,'2023-12-22 08:09:03.743627','ENABLE','02:00',807,69900.000000000000000000000000000000),(13465,'admin1@gmail.com',NULL,NULL,'2023-12-22 08:09:03.743626','ENABLE','01:00',807,69900.000000000000000000000000000000),(13466,'admin1@gmail.com',NULL,NULL,'2023-12-22 08:09:03.743642','ENABLE','22:00',807,69900.000000000000000000000000000000),(13467,'admin1@gmail.com',NULL,NULL,'2023-12-22 08:09:03.743643','ENABLE','23:00',807,69900.000000000000000000000000000000),(13468,'admin1@gmail.com',NULL,NULL,'2023-12-22 08:09:03.760541','ENABLE','00:00',808,69900.000000000000000000000000000000),(13469,'admin1@gmail.com',NULL,NULL,'2023-12-22 08:09:03.760559','ENABLE','21:00',808,69900.000000000000000000000000000000),(13470,'admin1@gmail.com',NULL,NULL,'2023-12-22 08:09:03.760559','ENABLE','20:00',808,69900.000000000000000000000000000000),(13471,'admin1@gmail.com',NULL,NULL,'2023-12-22 08:09:03.760558','ENABLE','19:00',808,69900.000000000000000000000000000000),(13472,'admin1@gmail.com',NULL,NULL,'2023-12-22 08:09:03.760557','ENABLE','18:00',808,69900.000000000000000000000000000000),(13473,'admin1@gmail.com',NULL,NULL,'2023-12-22 08:09:03.760556','ENABLE','17:00',808,69900.000000000000000000000000000000),(13474,'admin1@gmail.com',NULL,NULL,'2023-12-22 08:09:03.760556','ENABLE','16:00',808,69900.000000000000000000000000000000),(13475,'admin1@gmail.com',NULL,NULL,'2023-12-22 08:09:03.760555','ENABLE','15:00',808,69900.000000000000000000000000000000),(13476,'admin1@gmail.com',NULL,NULL,'2023-12-22 08:09:03.760554','ENABLE','14:00',808,69900.000000000000000000000000000000),(13477,'admin1@gmail.com',NULL,NULL,'2023-12-22 08:09:03.760553','ENABLE','13:00',808,69900.000000000000000000000000000000),(13478,'admin1@gmail.com',NULL,NULL,'2023-12-22 08:09:03.760552','ENABLE','12:00',808,69900.000000000000000000000000000000),(13479,'admin1@gmail.com',NULL,NULL,'2023-12-22 08:09:03.760552','ENABLE','11:00',808,69900.000000000000000000000000000000),(13480,'admin1@gmail.com',NULL,NULL,'2023-12-22 08:09:03.760551','ENABLE','10:00',808,69900.000000000000000000000000000000),(13481,'admin1@gmail.com',NULL,NULL,'2023-12-22 08:09:03.760550','ENABLE','09:00',808,69900.000000000000000000000000000000),(13482,'admin1@gmail.com',NULL,NULL,'2023-12-22 08:09:03.760549','ENABLE','08:00',808,69900.000000000000000000000000000000),(13483,'admin1@gmail.com',NULL,NULL,'2023-12-22 08:09:03.760549','ENABLE','07:00',808,69900.000000000000000000000000000000),(13484,'admin1@gmail.com',NULL,NULL,'2023-12-22 08:09:03.760548','ENABLE','06:00',808,69900.000000000000000000000000000000),(13485,'admin1@gmail.com',NULL,NULL,'2023-12-22 08:09:03.760547','ENABLE','05:00',808,69900.000000000000000000000000000000),(13486,'admin1@gmail.com',NULL,NULL,'2023-12-22 08:09:03.760546','ENABLE','04:00',808,69900.000000000000000000000000000000),(13487,'admin1@gmail.com',NULL,NULL,'2023-12-22 08:09:03.760545','ENABLE','03:00',808,69900.000000000000000000000000000000),(13488,'admin1@gmail.com',NULL,NULL,'2023-12-22 08:09:03.760545','ENABLE','02:00',808,69900.000000000000000000000000000000),(13489,'admin1@gmail.com',NULL,NULL,'2023-12-22 08:09:03.760544','ENABLE','01:00',808,69900.000000000000000000000000000000),(13490,'admin1@gmail.com',NULL,NULL,'2023-12-22 08:09:03.760560','ENABLE','22:00',808,69900.000000000000000000000000000000),(13491,'admin1@gmail.com',NULL,NULL,'2023-12-22 08:09:03.760561','ENABLE','23:00',808,69900.000000000000000000000000000000),(13492,'admin1@gmail.com',NULL,NULL,'2023-12-22 08:09:03.789544','ENABLE','00:00',809,69900.000000000000000000000000000000),(13493,'admin1@gmail.com',NULL,NULL,'2023-12-22 08:09:03.789578','ENABLE','21:00',809,69900.000000000000000000000000000000),(13494,'admin1@gmail.com',NULL,NULL,'2023-12-22 08:09:03.789576','ENABLE','20:00',809,69900.000000000000000000000000000000),(13495,'admin1@gmail.com',NULL,NULL,'2023-12-22 08:09:03.789575','ENABLE','19:00',809,69900.000000000000000000000000000000),(13496,'admin1@gmail.com',NULL,NULL,'2023-12-22 08:09:03.789574','ENABLE','18:00',809,69900.000000000000000000000000000000),(13497,'admin1@gmail.com',NULL,NULL,'2023-12-22 08:09:03.789573','ENABLE','17:00',809,69900.000000000000000000000000000000),(13498,'admin1@gmail.com',NULL,NULL,'2023-12-22 08:09:03.789571','ENABLE','16:00',809,69900.000000000000000000000000000000),(13499,'admin1@gmail.com',NULL,NULL,'2023-12-22 08:09:03.789570','ENABLE','15:00',809,69900.000000000000000000000000000000),(13500,'admin1@gmail.com',NULL,NULL,'2023-12-22 08:09:03.789569','ENABLE','14:00',809,69900.000000000000000000000000000000),(13501,'admin1@gmail.com',NULL,NULL,'2023-12-22 08:09:03.789567','ENABLE','13:00',809,69900.000000000000000000000000000000),(13502,'admin1@gmail.com',NULL,NULL,'2023-12-22 08:09:03.789566','ENABLE','12:00',809,69900.000000000000000000000000000000),(13503,'admin1@gmail.com',NULL,NULL,'2023-12-22 08:09:03.789565','ENABLE','11:00',809,69900.000000000000000000000000000000),(13504,'admin1@gmail.com',NULL,NULL,'2023-12-22 08:09:03.789563','ENABLE','10:00',809,69900.000000000000000000000000000000),(13505,'admin1@gmail.com',NULL,NULL,'2023-12-22 08:09:03.789562','ENABLE','09:00',809,69900.000000000000000000000000000000),(13506,'admin1@gmail.com',NULL,NULL,'2023-12-22 08:09:03.789557','ENABLE','08:00',809,69900.000000000000000000000000000000),(13507,'admin1@gmail.com',NULL,NULL,'2023-12-22 08:09:03.789556','ENABLE','07:00',809,69900.000000000000000000000000000000),(13508,'admin1@gmail.com',NULL,NULL,'2023-12-22 08:09:03.789555','ENABLE','06:00',809,69900.000000000000000000000000000000),(13509,'admin1@gmail.com',NULL,NULL,'2023-12-22 08:09:03.789553','ENABLE','05:00',809,69900.000000000000000000000000000000),(13510,'admin1@gmail.com',NULL,NULL,'2023-12-22 08:09:03.789552','ENABLE','04:00',809,69900.000000000000000000000000000000),(13511,'admin1@gmail.com',NULL,NULL,'2023-12-22 08:09:03.789551','ENABLE','03:00',809,69900.000000000000000000000000000000),(13512,'admin1@gmail.com',NULL,NULL,'2023-12-22 08:09:03.789549','ENABLE','02:00',809,69900.000000000000000000000000000000),(13513,'admin1@gmail.com',NULL,NULL,'2023-12-22 08:09:03.789548','ENABLE','01:00',809,69900.000000000000000000000000000000),(13514,'admin1@gmail.com',NULL,NULL,'2023-12-22 08:09:03.789579','ENABLE','22:00',809,69900.000000000000000000000000000000),(13515,'admin1@gmail.com',NULL,NULL,'2023-12-22 08:09:03.789580','ENABLE','23:00',809,69900.000000000000000000000000000000),(13516,'admin1@gmail.com',NULL,NULL,'2023-12-22 08:09:03.811159','ENABLE','00:00',810,69900.000000000000000000000000000000),(13517,'admin1@gmail.com',NULL,NULL,'2023-12-22 08:09:03.811179','ENABLE','21:00',810,69900.000000000000000000000000000000),(13518,'admin1@gmail.com',NULL,NULL,'2023-12-22 08:09:03.811178','ENABLE','20:00',810,69900.000000000000000000000000000000),(13519,'admin1@gmail.com',NULL,NULL,'2023-12-22 08:09:03.811177','ENABLE','19:00',810,69900.000000000000000000000000000000),(13520,'admin1@gmail.com',NULL,NULL,'2023-12-22 08:09:03.811176','ENABLE','18:00',810,69900.000000000000000000000000000000),(13521,'admin1@gmail.com',NULL,NULL,'2023-12-22 08:09:03.811175','ENABLE','17:00',810,69900.000000000000000000000000000000),(13522,'admin1@gmail.com',NULL,NULL,'2023-12-22 08:09:03.811174','ENABLE','16:00',810,69900.000000000000000000000000000000),(13523,'admin1@gmail.com',NULL,NULL,'2023-12-22 08:09:03.811173','ENABLE','15:00',810,69900.000000000000000000000000000000),(13524,'admin1@gmail.com',NULL,NULL,'2023-12-22 08:09:03.811172','ENABLE','14:00',810,69900.000000000000000000000000000000),(13525,'admin1@gmail.com',NULL,NULL,'2023-12-22 08:09:03.811172','ENABLE','13:00',810,69900.000000000000000000000000000000),(13526,'admin1@gmail.com',NULL,NULL,'2023-12-22 08:09:03.811171','ENABLE','12:00',810,69900.000000000000000000000000000000),(13527,'admin1@gmail.com',NULL,NULL,'2023-12-22 08:09:03.811170','ENABLE','11:00',810,69900.000000000000000000000000000000),(13528,'admin1@gmail.com',NULL,NULL,'2023-12-22 08:09:03.811169','ENABLE','10:00',810,69900.000000000000000000000000000000),(13529,'admin1@gmail.com',NULL,NULL,'2023-12-22 08:09:03.811168','ENABLE','09:00',810,69900.000000000000000000000000000000),(13530,'admin1@gmail.com',NULL,NULL,'2023-12-22 08:09:03.811168','ENABLE','08:00',810,69900.000000000000000000000000000000),(13531,'admin1@gmail.com',NULL,NULL,'2023-12-22 08:09:03.811167','ENABLE','07:00',810,69900.000000000000000000000000000000),(13532,'admin1@gmail.com',NULL,NULL,'2023-12-22 08:09:03.811166','ENABLE','06:00',810,69900.000000000000000000000000000000),(13533,'admin1@gmail.com',NULL,NULL,'2023-12-22 08:09:03.811165','ENABLE','05:00',810,69900.000000000000000000000000000000),(13534,'admin1@gmail.com',NULL,NULL,'2023-12-22 08:09:03.811165','ENABLE','04:00',810,69900.000000000000000000000000000000),(13535,'admin1@gmail.com',NULL,NULL,'2023-12-22 08:09:03.811164','ENABLE','03:00',810,69900.000000000000000000000000000000),(13536,'admin1@gmail.com',NULL,NULL,'2023-12-22 08:09:03.811163','ENABLE','02:00',810,69900.000000000000000000000000000000),(13537,'admin1@gmail.com',NULL,NULL,'2023-12-22 08:09:03.811162','ENABLE','01:00',810,69900.000000000000000000000000000000),(13538,'admin1@gmail.com',NULL,NULL,'2023-12-22 08:09:03.811179','ENABLE','22:00',810,69900.000000000000000000000000000000),(13539,'admin1@gmail.com',NULL,NULL,'2023-12-22 08:09:03.811180','ENABLE','23:00',810,69900.000000000000000000000000000000),(13540,'admin1@gmail.com',NULL,NULL,'2023-12-22 08:11:59.804043','ENABLE','00:00',811,79000.000000000000000000000000000000),(13541,'admin1@gmail.com',NULL,NULL,'2023-12-22 08:11:59.804080','ENABLE','21:00',811,79000.000000000000000000000000000000),(13542,'admin1@gmail.com',NULL,NULL,'2023-12-22 08:11:59.804079','ENABLE','20:00',811,79000.000000000000000000000000000000),(13543,'admin1@gmail.com',NULL,NULL,'2023-12-22 08:11:59.804078','ENABLE','19:00',811,79000.000000000000000000000000000000),(13544,'admin1@gmail.com',NULL,NULL,'2023-12-22 08:11:59.804077','ENABLE','18:00',811,79000.000000000000000000000000000000),(13545,'admin1@gmail.com',NULL,NULL,'2023-12-22 08:11:59.804076','ENABLE','17:00',811,79000.000000000000000000000000000000),(13546,'admin1@gmail.com',NULL,NULL,'2023-12-22 08:11:59.804075','ENABLE','16:00',811,79000.000000000000000000000000000000),(13547,'admin1@gmail.com',NULL,NULL,'2023-12-22 08:11:59.804074','ENABLE','15:00',811,79000.000000000000000000000000000000),(13548,'admin1@gmail.com',NULL,NULL,'2023-12-22 08:11:59.804073','ENABLE','14:00',811,79000.000000000000000000000000000000),(13549,'admin1@gmail.com',NULL,NULL,'2023-12-22 08:11:59.804073','ENABLE','13:00',811,79000.000000000000000000000000000000),(13550,'admin1@gmail.com',NULL,NULL,'2023-12-22 08:11:59.804072','ENABLE','12:00',811,79000.000000000000000000000000000000),(13551,'admin1@gmail.com',NULL,NULL,'2023-12-22 08:11:59.804071','ENABLE','11:00',811,79000.000000000000000000000000000000),(13552,'admin1@gmail.com',NULL,NULL,'2023-12-22 08:11:59.804070','ENABLE','10:00',811,79000.000000000000000000000000000000),(13553,'admin1@gmail.com',NULL,NULL,'2023-12-22 08:11:59.804069','ENABLE','09:00',811,79000.000000000000000000000000000000),(13554,'admin1@gmail.com',NULL,NULL,'2023-12-22 08:11:59.804069','ENABLE','08:00',811,79000.000000000000000000000000000000),(13555,'admin1@gmail.com',NULL,NULL,'2023-12-22 08:11:59.804068','ENABLE','07:00',811,79000.000000000000000000000000000000),(13556,'admin1@gmail.com',NULL,NULL,'2023-12-22 08:11:59.804067','ENABLE','06:00',811,79000.000000000000000000000000000000),(13557,'admin1@gmail.com',NULL,NULL,'2023-12-22 08:11:59.804066','ENABLE','05:00',811,79000.000000000000000000000000000000),(13558,'admin1@gmail.com',NULL,NULL,'2023-12-22 08:11:59.804066','ENABLE','04:00',811,79000.000000000000000000000000000000),(13559,'admin1@gmail.com',NULL,NULL,'2023-12-22 08:11:59.804065','ENABLE','03:00',811,79000.000000000000000000000000000000),(13560,'admin1@gmail.com',NULL,NULL,'2023-12-22 08:11:59.804064','ENABLE','02:00',811,79000.000000000000000000000000000000),(13561,'admin1@gmail.com',NULL,NULL,'2023-12-22 08:11:59.804063','ENABLE','01:00',811,79000.000000000000000000000000000000),(13562,'admin1@gmail.com',NULL,NULL,'2023-12-22 08:11:59.804098','ENABLE','22:00',811,79000.000000000000000000000000000000),(13563,'admin1@gmail.com',NULL,NULL,'2023-12-22 08:11:59.804099','ENABLE','23:00',811,79000.000000000000000000000000000000),(13564,'admin1@gmail.com',NULL,NULL,'2023-12-22 08:11:59.822692','ENABLE','00:00',812,79000.000000000000000000000000000000),(13565,'admin1@gmail.com',NULL,NULL,'2023-12-22 08:11:59.822724','ENABLE','21:00',812,79000.000000000000000000000000000000),(13566,'admin1@gmail.com',NULL,NULL,'2023-12-22 08:11:59.822723','ENABLE','20:00',812,79000.000000000000000000000000000000),(13567,'admin1@gmail.com',NULL,NULL,'2023-12-22 08:11:59.822722','ENABLE','19:00',812,79000.000000000000000000000000000000),(13568,'admin1@gmail.com',NULL,NULL,'2023-12-22 08:11:59.822721','ENABLE','18:00',812,79000.000000000000000000000000000000),(13569,'admin1@gmail.com',NULL,NULL,'2023-12-22 08:11:59.822721','ENABLE','17:00',812,79000.000000000000000000000000000000),(13570,'admin1@gmail.com',NULL,NULL,'2023-12-22 08:11:59.822720','ENABLE','16:00',812,79000.000000000000000000000000000000),(13571,'admin1@gmail.com',NULL,NULL,'2023-12-22 08:11:59.822719','ENABLE','15:00',812,79000.000000000000000000000000000000),(13572,'admin1@gmail.com',NULL,NULL,'2023-12-22 08:11:59.822718','ENABLE','14:00',812,79000.000000000000000000000000000000),(13573,'admin1@gmail.com',NULL,NULL,'2023-12-22 08:11:59.822717','ENABLE','13:00',812,79000.000000000000000000000000000000),(13574,'admin1@gmail.com',NULL,NULL,'2023-12-22 08:11:59.822716','ENABLE','12:00',812,79000.000000000000000000000000000000),(13575,'admin1@gmail.com',NULL,NULL,'2023-12-22 08:11:59.822715','ENABLE','11:00',812,79000.000000000000000000000000000000),(13576,'admin1@gmail.com',NULL,NULL,'2023-12-22 08:11:59.822715','ENABLE','10:00',812,79000.000000000000000000000000000000),(13577,'admin1@gmail.com',NULL,NULL,'2023-12-22 08:11:59.822714','ENABLE','09:00',812,79000.000000000000000000000000000000),(13578,'admin1@gmail.com',NULL,NULL,'2023-12-22 08:11:59.822713','ENABLE','08:00',812,79000.000000000000000000000000000000),(13579,'admin1@gmail.com',NULL,NULL,'2023-12-22 08:11:59.822712','ENABLE','07:00',812,79000.000000000000000000000000000000),(13580,'admin1@gmail.com',NULL,NULL,'2023-12-22 08:11:59.822711','ENABLE','06:00',812,79000.000000000000000000000000000000),(13581,'admin1@gmail.com',NULL,NULL,'2023-12-22 08:11:59.822697','ENABLE','05:00',812,79000.000000000000000000000000000000),(13582,'admin1@gmail.com',NULL,NULL,'2023-12-22 08:11:59.822697','ENABLE','04:00',812,79000.000000000000000000000000000000),(13583,'admin1@gmail.com',NULL,NULL,'2023-12-22 08:11:59.822696','ENABLE','03:00',812,79000.000000000000000000000000000000),(13584,'admin1@gmail.com',NULL,NULL,'2023-12-22 08:11:59.822695','ENABLE','02:00',812,79000.000000000000000000000000000000),(13585,'admin1@gmail.com',NULL,NULL,'2023-12-22 08:11:59.822694','ENABLE','01:00',812,79000.000000000000000000000000000000),(13586,'admin1@gmail.com',NULL,NULL,'2023-12-22 08:11:59.822725','ENABLE','22:00',812,79000.000000000000000000000000000000),(13587,'admin1@gmail.com',NULL,NULL,'2023-12-22 08:11:59.822726','ENABLE','23:00',812,79000.000000000000000000000000000000),(13588,'admin1@gmail.com',NULL,NULL,'2023-12-22 08:11:59.845557','ENABLE','00:00',813,79000.000000000000000000000000000000),(13589,'admin1@gmail.com',NULL,NULL,'2023-12-22 08:11:59.845580','ENABLE','21:00',813,79000.000000000000000000000000000000),(13590,'admin1@gmail.com',NULL,NULL,'2023-12-22 08:11:59.845576','ENABLE','20:00',813,79000.000000000000000000000000000000),(13591,'admin1@gmail.com',NULL,NULL,'2023-12-22 08:11:59.845575','ENABLE','19:00',813,79000.000000000000000000000000000000),(13592,'admin1@gmail.com',NULL,NULL,'2023-12-22 08:11:59.845574','ENABLE','18:00',813,79000.000000000000000000000000000000),(13593,'admin1@gmail.com',NULL,NULL,'2023-12-22 08:11:59.845573','ENABLE','17:00',813,79000.000000000000000000000000000000),(13594,'admin1@gmail.com',NULL,NULL,'2023-12-22 08:11:59.845572','ENABLE','16:00',813,79000.000000000000000000000000000000),(13595,'admin1@gmail.com',NULL,NULL,'2023-12-22 08:11:59.845571','ENABLE','15:00',813,79000.000000000000000000000000000000),(13596,'admin1@gmail.com',NULL,NULL,'2023-12-22 08:11:59.845570','ENABLE','14:00',813,79000.000000000000000000000000000000),(13597,'admin1@gmail.com',NULL,NULL,'2023-12-22 08:11:59.845569','ENABLE','13:00',813,79000.000000000000000000000000000000),(13598,'admin1@gmail.com',NULL,NULL,'2023-12-22 08:11:59.845569','ENABLE','12:00',813,79000.000000000000000000000000000000),(13599,'admin1@gmail.com',NULL,NULL,'2023-12-22 08:11:59.845568','ENABLE','11:00',813,79000.000000000000000000000000000000),(13600,'admin1@gmail.com',NULL,NULL,'2023-12-22 08:11:59.845567','ENABLE','10:00',813,79000.000000000000000000000000000000),(13601,'admin1@gmail.com',NULL,NULL,'2023-12-22 08:11:59.845566','ENABLE','09:00',813,79000.000000000000000000000000000000),(13602,'admin1@gmail.com',NULL,NULL,'2023-12-22 08:11:59.845565','ENABLE','08:00',813,79000.000000000000000000000000000000),(13603,'admin1@gmail.com',NULL,NULL,'2023-12-22 08:11:59.845564','ENABLE','07:00',813,79000.000000000000000000000000000000),(13604,'admin1@gmail.com',NULL,NULL,'2023-12-22 08:11:59.845564','ENABLE','06:00',813,79000.000000000000000000000000000000),(13605,'admin1@gmail.com',NULL,NULL,'2023-12-22 08:11:59.845563','ENABLE','05:00',813,79000.000000000000000000000000000000),(13606,'admin1@gmail.com',NULL,NULL,'2023-12-22 08:11:59.845562','ENABLE','04:00',813,79000.000000000000000000000000000000),(13607,'admin1@gmail.com',NULL,NULL,'2023-12-22 08:11:59.845561','ENABLE','03:00',813,79000.000000000000000000000000000000),(13608,'admin1@gmail.com',NULL,NULL,'2023-12-22 08:11:59.845561','ENABLE','02:00',813,79000.000000000000000000000000000000),(13609,'admin1@gmail.com',NULL,NULL,'2023-12-22 08:11:59.845560','ENABLE','01:00',813,79000.000000000000000000000000000000),(13610,'admin1@gmail.com',NULL,NULL,'2023-12-22 08:11:59.845580','ENABLE','22:00',813,79000.000000000000000000000000000000),(13611,'admin1@gmail.com',NULL,NULL,'2023-12-22 08:11:59.845581','ENABLE','23:00',813,79000.000000000000000000000000000000),(13612,'admin1@gmail.com',NULL,NULL,'2023-12-22 08:11:59.863274','ENABLE','00:00',814,79000.000000000000000000000000000000),(13613,'admin1@gmail.com',NULL,NULL,'2023-12-22 08:11:59.863316','ENABLE','21:00',814,79000.000000000000000000000000000000),(13614,'admin1@gmail.com',NULL,NULL,'2023-12-22 08:11:59.863315','ENABLE','20:00',814,79000.000000000000000000000000000000),(13615,'admin1@gmail.com',NULL,NULL,'2023-12-22 08:11:59.863314','ENABLE','19:00',814,79000.000000000000000000000000000000),(13616,'admin1@gmail.com',NULL,NULL,'2023-12-22 08:11:59.863314','ENABLE','18:00',814,79000.000000000000000000000000000000),(13617,'admin1@gmail.com',NULL,NULL,'2023-12-22 08:11:59.863313','ENABLE','17:00',814,79000.000000000000000000000000000000),(13618,'admin1@gmail.com',NULL,NULL,'2023-12-22 08:11:59.863312','ENABLE','16:00',814,79000.000000000000000000000000000000),(13619,'admin1@gmail.com',NULL,NULL,'2023-12-22 08:11:59.863311','ENABLE','15:00',814,79000.000000000000000000000000000000),(13620,'admin1@gmail.com',NULL,NULL,'2023-12-22 08:11:59.863310','ENABLE','14:00',814,79000.000000000000000000000000000000),(13621,'admin1@gmail.com',NULL,NULL,'2023-12-22 08:11:59.863310','ENABLE','13:00',814,79000.000000000000000000000000000000),(13622,'admin1@gmail.com',NULL,NULL,'2023-12-22 08:11:59.863309','ENABLE','12:00',814,79000.000000000000000000000000000000),(13623,'admin1@gmail.com',NULL,NULL,'2023-12-22 08:11:59.863308','ENABLE','11:00',814,79000.000000000000000000000000000000),(13624,'admin1@gmail.com',NULL,NULL,'2023-12-22 08:11:59.863307','ENABLE','10:00',814,79000.000000000000000000000000000000),(13625,'admin1@gmail.com',NULL,NULL,'2023-12-22 08:11:59.863306','ENABLE','09:00',814,79000.000000000000000000000000000000),(13626,'admin1@gmail.com',NULL,NULL,'2023-12-22 08:11:59.863306','ENABLE','08:00',814,79000.000000000000000000000000000000),(13627,'admin1@gmail.com',NULL,NULL,'2023-12-22 08:11:59.863305','ENABLE','07:00',814,79000.000000000000000000000000000000),(13628,'admin1@gmail.com',NULL,NULL,'2023-12-22 08:11:59.863304','ENABLE','06:00',814,79000.000000000000000000000000000000),(13629,'admin1@gmail.com',NULL,NULL,'2023-12-22 08:11:59.863303','ENABLE','05:00',814,79000.000000000000000000000000000000),(13630,'admin1@gmail.com',NULL,NULL,'2023-12-22 08:11:59.863302','ENABLE','04:00',814,79000.000000000000000000000000000000),(13631,'admin1@gmail.com',NULL,NULL,'2023-12-22 08:11:59.863302','ENABLE','03:00',814,79000.000000000000000000000000000000),(13632,'admin1@gmail.com',NULL,NULL,'2023-12-22 08:11:59.863301','ENABLE','02:00',814,79000.000000000000000000000000000000),(13633,'admin1@gmail.com',NULL,NULL,'2023-12-22 08:11:59.863299','ENABLE','01:00',814,79000.000000000000000000000000000000),(13634,'admin1@gmail.com',NULL,NULL,'2023-12-22 08:11:59.863317','ENABLE','22:00',814,79000.000000000000000000000000000000),(13635,'admin1@gmail.com',NULL,NULL,'2023-12-22 08:11:59.863317','ENABLE','23:00',814,79000.000000000000000000000000000000),(13636,'admin1@gmail.com',NULL,NULL,'2023-12-22 08:35:28.065910','ENABLE','04:00',815,80000.000000000000000000000000000000),(13637,'admin1@gmail.com',NULL,NULL,'2023-12-22 08:35:28.089583','ENABLE','01:00',816,80000.000000000000000000000000000000),(13638,'admin1@gmail.com',NULL,NULL,'2023-12-22 08:35:28.115043','ENABLE','04:00',817,80000.000000000000000000000000000000),(13639,'admin1@gmail.com',NULL,NULL,'2023-12-22 08:35:28.136326','ENABLE','01:00',818,80000.000000000000000000000000000000),(13640,'admin1@gmail.com',NULL,NULL,'2023-12-22 08:38:35.949637','ENABLE','00:00',819,70000.000000000000000000000000000000),(13641,'admin1@gmail.com',NULL,NULL,'2023-12-22 08:38:35.949640','ENABLE','06:00',819,70000.000000000000000000000000000000),(13642,'admin1@gmail.com',NULL,NULL,'2023-12-22 08:38:35.964012','ENABLE','02:00',820,70000.000000000000000000000000000000),(13643,'admin1@gmail.com',NULL,NULL,'2023-12-22 08:38:35.964014','ENABLE','05:00',820,70000.000000000000000000000000000000),(13644,'admin1@gmail.com',NULL,NULL,'2023-12-22 08:38:35.981669','ENABLE','06:00',821,70000.000000000000000000000000000000),(13645,'admin1@gmail.com',NULL,NULL,'2023-12-22 08:38:36.000394','ENABLE','00:00',822,70000.000000000000000000000000000000),(13646,'admin1@gmail.com',NULL,NULL,'2023-12-22 08:38:36.000397','ENABLE','06:00',822,70000.000000000000000000000000000000),(13647,'admin1@gmail.com',NULL,NULL,'2023-12-22 08:38:36.013644','ENABLE','02:00',823,70000.000000000000000000000000000000),(13648,'admin1@gmail.com',NULL,NULL,'2023-12-22 08:38:36.013647','ENABLE','05:00',823,70000.000000000000000000000000000000),(13649,'admin1@gmail.com',NULL,NULL,'2023-12-22 08:38:36.034556','ENABLE','06:00',824,70000.000000000000000000000000000000);
/*!40000 ALTER TABLE `MovieTimeSetting` ENABLE KEYS */;
UNLOCK TABLES;

--
-- Table structure for table `PaymentMethod`
--

DROP TABLE IF EXISTS `PaymentMethod`;
/*!40101 SET @saved_cs_client     = @@character_set_client */;
/*!50503 SET character_set_client = utf8mb4 */;
CREATE TABLE `PaymentMethod` (
  `Id` bigint NOT NULL AUTO_INCREMENT,
  `CreatedBy` longtext COLLATE utf8mb4_unicode_ci,
  `UpdatedBy` longtext COLLATE utf8mb4_unicode_ci,
  `Updated` datetime(6) DEFAULT NULL,
  `Created` datetime(6) DEFAULT NULL,
  `Status` longtext COLLATE utf8mb4_unicode_ci,
  `Name` longtext COLLATE utf8mb4_unicode_ci,
  `Code` longtext COLLATE utf8mb4_unicode_ci,
  PRIMARY KEY (`Id`)
) ENGINE=InnoDB AUTO_INCREMENT=3 DEFAULT CHARSET=utf8mb4 COLLATE=utf8mb4_unicode_ci;
/*!40101 SET character_set_client = @saved_cs_client */;

--
-- Dumping data for table `PaymentMethod`
--

LOCK TABLES `PaymentMethod` WRITE;
/*!40000 ALTER TABLE `PaymentMethod` DISABLE KEYS */;
INSERT INTO `PaymentMethod` VALUES (1,'ngoc@gmail.com',NULL,NULL,'2023-10-24 16:28:57.732344','ENABLE','Thanh toán MOMO','MOMO'),(2,'ngoc@gmail.com',NULL,NULL,'2023-10-24 16:28:57.732344','ENABLE','Thanh toán ATM','ATM');
/*!40000 ALTER TABLE `PaymentMethod` ENABLE KEYS */;
UNLOCK TABLES;

--
-- Table structure for table `Photo`
--

DROP TABLE IF EXISTS `Photo`;
/*!40101 SET @saved_cs_client     = @@character_set_client */;
/*!50503 SET character_set_client = utf8mb4 */;
CREATE TABLE `Photo` (
  `Id` bigint NOT NULL AUTO_INCREMENT,
  `CreatedBy` longtext COLLATE utf8mb4_unicode_ci,
  `UpdatedBy` longtext COLLATE utf8mb4_unicode_ci,
  `Updated` datetime(6) DEFAULT NULL,
  `Created` datetime(6) DEFAULT NULL,
  `Status` longtext COLLATE utf8mb4_unicode_ci,
  `url` longtext COLLATE utf8mb4_unicode_ci,
  `Type` longtext COLLATE utf8mb4_unicode_ci,
  `ObjectId` bigint DEFAULT NULL,
  PRIMARY KEY (`Id`)
) ENGINE=InnoDB AUTO_INCREMENT=107 DEFAULT CHARSET=utf8mb4 COLLATE=utf8mb4_unicode_ci;
/*!40101 SET character_set_client = @saved_cs_client */;

--
-- Dumping data for table `Photo`
--

LOCK TABLES `Photo` WRITE;
/*!40000 ALTER TABLE `Photo` DISABLE KEYS */;
INSERT INTO `Photo` VALUES (1,NULL,NULL,NULL,NULL,'ENABLE','6Tr6QdYMQTjmoM0NsZ5L6jM3Yhn.jpg','POSTER_MOVIE',16),(2,NULL,NULL,NULL,NULL,'ENABLE','6Tr6QdYMQTjmoM0NsZ5L6jM3Yhn.jpg','POSTER_MOVIE',17),(3,NULL,NULL,NULL,NULL,'ENABLE','kHlX3oqdD4VGaLpB8O78M25KfdS.jpg','BACKDROP_MOVIE',16),(4,NULL,NULL,NULL,NULL,'ENABLE','kHlX3oqdD4VGaLpB8O78M25KfdS.jpg','BACKDROP_MOVIE',17),(5,NULL,NULL,NULL,NULL,'ENABLE','utHUARepKhbw4JyDVZLhcJyKYxj.jpg','PROFILE_ACTOR',1),(6,NULL,NULL,NULL,NULL,'ENABLE','utHUARepKhbw4JyDVZLhcJyKYxj.jpg','PROFILE_ACTOR',2),(7,NULL,NULL,NULL,NULL,'ENABLE','utHUARepKhbw4JyDVZLhcJyKYxj.jpg','PROFILE_ACTOR',3),(8,NULL,'ngocnm123@rising-stars.vn','2023-11-26 20:59:20.232827',NULL,'DELETED','https://i.ibb.co/0jh5shR/girl.png','PROFILE_CUSTOMER',5),(9,NULL,'ngocnm123@rising-stars.vn','2023-11-26 21:50:14.109237',NULL,'DELETED','https://i.ibb.co/mtns6BG/ut-HUARep-Khbw4-Jy-DVZLhc-Jy-KYxj.jpg','PROFILE_CUSTOMER',5),(10,NULL,NULL,NULL,NULL,'ENABLE','https://image.tmdb.org/t/p/w342/51tqzRtKMMZEYUpSYkrUE7v9ehm.jpg','POSTER_MOVIE',18),(11,NULL,NULL,NULL,NULL,'ENABLE','https://image.tmdb.org/t/p/original/r7DuyYJ0N3cD8bRKsR5Ygq2P7oa.jpg','BACKDROP_MOVIE',18),(12,NULL,NULL,NULL,NULL,'ENABLE','https://image.tmdb.org/t/p/w185/mXLOHHc1Zeuwsl4xYKjKh2280oL.jpg','POSTER_MOVIE',20),(13,NULL,NULL,NULL,NULL,'ENABLE','https://image.tmdb.org/t/p/original/3H9NA1KWEQN0ItL3Wl3SFZYP6yV.jpg','BACKDROP_MOVIE',20),(14,NULL,NULL,NULL,NULL,'ENABLE','https://image.tmdb.org/t/p/original/dZbLqRjjiiNCpTYzhzL2NMvz4J0.jpg','BACKDROP_MOVIE',21),(15,NULL,NULL,NULL,NULL,'ENABLE','https://image.tmdb.org/t/p/w185/aQPeznSu7XDTrrdCtT5eLiu52Yu.jpg','POSTER_MOVIE',21),(16,NULL,NULL,NULL,NULL,'ENABLE','https://image.tmdb.org/t/p/w185/qNBAXBIQlnOThrVvA6mA2B5ggV6.jpg','POSTER_MOVIE',22),(17,NULL,NULL,NULL,NULL,'ENABLE','https://image.tmdb.org/t/p/original/9n2tJBplPbgR2ca05hS5CKXwP2c.jpg','BACKDROP_MOVIE',22),(18,NULL,NULL,NULL,NULL,'ENABLE','https://image.tmdb.org/t/p/w185/iwsMu0ehRPbtaSxqiaUDQB9qMWT.jpg','POSTER_MOVIE',23),(19,NULL,NULL,NULL,NULL,'ENABLE','https://image.tmdb.org/t/p/original/wl4NWiZwpzZH67HiDgpDImLyds9.jpg','BACKDROP_MOVIE',23),(20,NULL,NULL,NULL,NULL,'ENABLE','https://image.tmdb.org/t/p/w185/7IiTTgloJzvGI1TAYymCfbfl3vT.jpg','POSTER_MOVIE',24),(21,NULL,NULL,NULL,NULL,'ENABLE','https://image.tmdb.org/t/p/original/hiKmpZMGZsrkA3cdce8a7Dpos1j.jpg','BACKDROP_MOVIE',24),(22,NULL,NULL,NULL,NULL,'ENABLE','https://image.tmdb.org/t/p/w185/jE5o7y9K6pZtWNNMEw3IdpHuncR.jpg','POSTER_MOVIE',25),(23,NULL,NULL,NULL,NULL,'ENABLE','https://image.tmdb.org/t/p/original/f1AQhx6ZfGhPZFTVKgxG91PhEYc.jpg','BACKDROP_MOVIE',25),(24,NULL,NULL,NULL,NULL,'ENABLE','https://image.tmdb.org/t/p/w185/mBaXZ95R2OxueZhvQbcEWy2DqyO.jpg','POSTER_MOVIE',26),(25,NULL,NULL,NULL,NULL,'ENABLE','https://image.tmdb.org/t/p/original/5a4JdoFwll5DRtKMe7JLuGQ9yJm.jpg','BACKDROP_MOVIE',26),(26,NULL,NULL,NULL,NULL,'ENABLE','https://image.tmdb.org/t/p/w185/bkpPTZUdq31UGDovmszsg2CchiI.jpg','POSTER_MOVIE',27),(27,NULL,NULL,NULL,NULL,'ENABLE','https://image.tmdb.org/t/p/original/xgGGinKRL8xeRkaAR9RMbtyk60y.jpg','BACKDROP_MOVIE',27),(28,NULL,NULL,NULL,NULL,'ENABLE','https://image.tmdb.org/t/p/w185/oUmmY7QWWn7OhKlcPOnirHJpP1F.jpg','POSTER_MOVIE',28),(29,NULL,NULL,NULL,NULL,'ENABLE','https://image.tmdb.org/t/p/original/iiXliCeykkzmJ0Eg9RYJ7F2CWSz.jpg','BACKDROP_MOVIE',28),(30,NULL,NULL,NULL,NULL,'ENABLE','https://image.tmdb.org/t/p/w185/fFXkAlMH2iQrNknv4eq7LGTkcti.jpg','POSTER_MOVIE',29),(31,NULL,NULL,NULL,NULL,'ENABLE','https://image.tmdb.org/t/p/original/azD31DjpV3PJfjF3h72LVw2WCSD.jpg','BACKDROP_MOVIE',29),(32,NULL,NULL,NULL,NULL,'ENABLE','https://image.tmdb.org/t/p/w185/lhmdKoZciQsD6pOxIi0ZkXudISw.jpg','POSTER_MOVIE',30),(33,NULL,NULL,NULL,NULL,'ENABLE','https://image.tmdb.org/t/p/original/igwshQHV36aBkPyWp7En5P4Kn2V.jpg','BACKDROP_MOVIE',30),(34,NULL,NULL,NULL,NULL,'ENABLE','https://image.tmdb.org/t/p/w185/NNxYkU70HPurnNCSiCjYAmacwm.jpg','POSTER_MOVIE',31),(35,NULL,NULL,NULL,NULL,'ENABLE','https://image.tmdb.org/t/p/original/628Dep6AxEtDxjZoGP78TsOxYbK.jpg','BACKDROP_MOVIE',31),(36,NULL,'ngoc@gmail.com','2023-12-06 23:36:55.598466',NULL,'ENABLE','https://i.ibb.co/D5nX5hd/girl.png','PROFILE_CUSTOMER',2),(37,'ngoc@gmail.com',NULL,NULL,'2023-12-06 23:58:25.090372','ENABLE','https://i.ibb.co/D5nX5hd/girl.png','PROFILE_CUSTOMER',1),(38,'ngoc@gmail.com',NULL,NULL,'2023-12-07 00:00:55.149571','ENABLE','https://i.ibb.co/ZmrCLdS/6-Tr6-Qd-YMQTjmo-M0-Ns-Z5-L6j-M3-Yhn.jpg','PROFILE_CUSTOMER',3),(39,'ngoc@gmail.com',NULL,NULL,'2023-12-08 17:43:57.545426','DELETED','https://i.ibb.co/L0K4W3y/628-Dep6-Ax-Et-Dxj-Zo-GP78-Ts-Ox-Yb-K.jpg','POSTER_MOVIE',36),(40,'ngoc@gmail.com',NULL,NULL,'2023-12-08 17:47:15.428067','ENABLE','https://i.ibb.co/2W7rkPf/girl.png','PROFILE_CUSTOMER',12),(41,'ngoc@gmail.com',NULL,NULL,'2023-12-08 17:48:12.253088','DELETED','https://i.ibb.co/qx901Sg/NNx-Yk-U70-HPurn-NCSi-Cj-YAmacwm.jpg','BACKDROP_MOVIE',36),(42,'ngoc@gmail.com',NULL,NULL,'2023-12-08 17:53:51.474842','DELETED','https://i.ibb.co/L0K4W3y/628-Dep6-Ax-Et-Dxj-Zo-GP78-Ts-Ox-Yb-K.jpg','BACKDROP_MOVIE',35),(43,'ngoc@gmail.com',NULL,NULL,'2023-12-11 16:16:50.639762','DELETED','https://i.ibb.co/LzvTww6/NNx-Yk-U70-HPurn-NCSi-Cj-YAmacwm.jpg','BACKDROP_MOVIE',41),(44,NULL,'ngoc@gmail.com','2023-12-11 16:44:50.539793',NULL,'ENABLE','https://i.ibb.co/1ZxCHPY/628-Dep6-Ax-Et-Dxj-Zo-GP78-Ts-Ox-Yb-K.jpg','BACKDROP_MOVIE',41),(45,NULL,'ngoc@gmail.com','2023-12-11 16:45:00.257470',NULL,'ENABLE','https://i.ibb.co/LzvTww6/NNx-Yk-U70-HPurn-NCSi-Cj-YAmacwm.jpg','BACKDROP_MOVIE',41),(46,NULL,'ngoc@gmail.com','2023-12-11 16:47:49.705652',NULL,'ENABLE','https://i.ibb.co/1ZxCHPY/628-Dep6-Ax-Et-Dxj-Zo-GP78-Ts-Ox-Yb-K.jpg','BACKDROP_MOVIE',41),(47,NULL,'ngoc@gmail.com','2023-12-11 16:48:02.199091',NULL,'ENABLE','https://i.ibb.co/LzvTww6/NNx-Yk-U70-HPurn-NCSi-Cj-YAmacwm.jpg','BACKDROP_MOVIE',41),(48,'ngoc@gmail.com',NULL,NULL,'2023-12-11 16:49:09.515176','ENABLE','https://i.ibb.co/LzvTww6/NNx-Yk-U70-HPurn-NCSi-Cj-YAmacwm.jpg','POSTER_MOVIE',41),(49,NULL,'ngoc@gmail.com','2023-12-11 16:49:18.568511',NULL,'ENABLE','https://i.ibb.co/1ZxCHPY/628-Dep6-Ax-Et-Dxj-Zo-GP78-Ts-Ox-Yb-K.jpg','BACKDROP_MOVIE',41),(50,NULL,'ngoc@gmail.com','2023-12-11 16:58:00.987047',NULL,'DELETED','https://i.ibb.co/LzvTww6/NNx-Yk-U70-HPurn-NCSi-Cj-YAmacwm.jpg','BACKDROP_MOVIE',36),(51,NULL,'ngoc@gmail.com','2023-12-11 16:58:18.605846',NULL,'DELETED','https://i.ibb.co/LzvTww6/NNx-Yk-U70-HPurn-NCSi-Cj-YAmacwm.jpg','BACKDROP_MOVIE',35),(52,'ngoc@gmail.com',NULL,NULL,'2023-12-11 16:58:44.678112','ENABLE','https://i.ibb.co/LzvTww6/NNx-Yk-U70-HPurn-NCSi-Cj-YAmacwm.jpg','POSTER_MOVIE',35),(53,NULL,'ngoc@gmail.com','2023-12-11 16:58:54.316682',NULL,'ENABLE','https://i.ibb.co/LzvTww6/NNx-Yk-U70-HPurn-NCSi-Cj-YAmacwm.jpg','POSTER_MOVIE',36),(54,NULL,'ngoc@gmail.com','2023-12-11 16:59:01.877495',NULL,'ENABLE','https://i.ibb.co/1ZxCHPY/628-Dep6-Ax-Et-Dxj-Zo-GP78-Ts-Ox-Yb-K.jpg','BACKDROP_MOVIE',36),(55,NULL,'ngoc@gmail.com','2023-12-11 16:59:38.768246',NULL,'ENABLE','https://i.ibb.co/1ZxCHPY/628-Dep6-Ax-Et-Dxj-Zo-GP78-Ts-Ox-Yb-K.jpg','BACKDROP_MOVIE',35),(56,'ngoc@gmail.com',NULL,NULL,'2023-12-11 17:43:24.082109','ENABLE','https://i.ibb.co/1ZxCHPY/628-Dep6-Ax-Et-Dxj-Zo-GP78-Ts-Ox-Yb-K.jpg','BACKDROP_MOVIE',44),(57,'ngoc@gmail.com',NULL,NULL,'2023-12-11 17:43:30.973958','ENABLE','https://i.ibb.co/LzvTww6/NNx-Yk-U70-HPurn-NCSi-Cj-YAmacwm.jpg','POSTER_MOVIE',44),(58,'ngoc@gmail.com',NULL,NULL,'2023-12-11 17:50:21.777335','ENABLE','https://i.ibb.co/1ZxCHPY/628-Dep6-Ax-Et-Dxj-Zo-GP78-Ts-Ox-Yb-K.jpg','BACKDROP_MOVIE',45),(59,'ngoc@gmail.com',NULL,NULL,'2023-12-11 17:50:28.492518','ENABLE','https://i.ibb.co/LzvTww6/NNx-Yk-U70-HPurn-NCSi-Cj-YAmacwm.jpg','POSTER_MOVIE',45),(60,'ngoc@gmail.com',NULL,NULL,'2023-12-11 17:59:20.172066','ENABLE','https://i.ibb.co/1ZxCHPY/628-Dep6-Ax-Et-Dxj-Zo-GP78-Ts-Ox-Yb-K.jpg','BACKDROP_MOVIE',46),(61,'ngoc@gmail.com',NULL,NULL,'2023-12-11 17:59:27.519422','ENABLE','https://i.ibb.co/LzvTww6/NNx-Yk-U70-HPurn-NCSi-Cj-YAmacwm.jpg','POSTER_MOVIE',46),(62,'ngoc@gmail.com',NULL,NULL,'2023-12-11 21:18:45.145828','ENABLE','https://i.ibb.co/KWrz8z0/628-Dep6-Ax-Et-Dxj-Zo-GP78-Ts-Ox-Yb-K.jpg','BACKDROP_MOVIE',47),(63,'ngoc@gmail.com',NULL,NULL,'2023-12-11 21:18:56.792219','ENABLE','https://i.ibb.co/KjQx40c/NNx-Yk-U70-HPurn-NCSi-Cj-YAmacwm.jpg','POSTER_MOVIE',47),(64,'ngoc@gmail.com',NULL,NULL,'2023-12-11 23:12:44.887418','ENABLE','https://i.ibb.co/1ZxCHPY/628-Dep6-Ax-Et-Dxj-Zo-GP78-Ts-Ox-Yb-K.jpg','BACKDROP_MOVIE',48),(65,'ngoc@gmail.com',NULL,NULL,'2023-12-11 23:12:53.297202','ENABLE','https://i.ibb.co/LzvTww6/NNx-Yk-U70-HPurn-NCSi-Cj-YAmacwm.jpg','POSTER_MOVIE',48),(66,NULL,'ngocnm123@rising-stars.vn','2023-12-14 08:12:18.910300',NULL,'DELETED','https://i.ibb.co/py3YZms/NNx-Yk-U70-HPurn-NCSi-Cj-YAmacwm.jpg','PROFILE_CUSTOMER',5),(67,NULL,'ngocnm123@rising-stars.vn','2023-12-14 08:48:14.537208',NULL,'ENABLE','https://i.ibb.co/py3YZms/NNx-Yk-U70-HPurn-NCSi-Cj-YAmacwm.jpg','PROFILE_CUSTOMER',5),(68,'admin1@gmail.com',NULL,NULL,'2023-12-21 18:15:22.229099','ENABLE','https://i.ibb.co/xscP1Cc/bckx-SN9ue-Ogm0g-Jp-VJm-PQrec-Wul.jpg','BACKDROP_MOVIE',59),(69,'admin1@gmail.com',NULL,NULL,'2023-12-21 18:15:27.577840','ENABLE','https://i.ibb.co/7GgGBjB/8x-V47-NDrjd-ZDpk-Vc-CFqkd-Ha3-T0-C.jpg','POSTER_MOVIE',59),(70,'admin1@gmail.com',NULL,NULL,'2023-12-21 19:14:56.109220','ENABLE','https://i.ibb.co/tXHGK5S/k1-Krba-CMACQiq7-EA0-Yhw3bdz-Mv7.jpg','BACKDROP_MOVIE',60),(71,'admin1@gmail.com',NULL,NULL,'2023-12-21 19:15:01.763834','ENABLE','https://i.ibb.co/KmSwK2F/bkp-PTZUdq31-UGDovmszsg2-Cchi-I.jpg','POSTER_MOVIE',60),(72,'admin1@gmail.com',NULL,NULL,'2023-12-21 19:18:31.705079','ENABLE','https://i.ibb.co/SvSWZR2/b-WIIWhnao-Wx3-FTVXv6-Gk-YDv3dj-L.jpg','BACKDROP_MOVIE',61),(73,'admin1@gmail.com',NULL,NULL,'2023-12-21 19:18:37.431755','ENABLE','https://i.ibb.co/0JJzXch/hkxx-MIGai-CTmr-EAr-K7-J56-JTKUl-B.jpg','POSTER_MOVIE',61),(74,'admin1@gmail.com',NULL,NULL,'2023-12-21 19:22:42.101624','ENABLE','https://i.ibb.co/Bww6hSt/ptz5-ETMx-Do-RRi-E69-BVu-Ix-Jzy-TEO.jpg','BACKDROP_MOVIE',62),(75,'admin1@gmail.com',NULL,NULL,'2023-12-21 19:22:46.346512','ENABLE','https://i.ibb.co/y0LLb6F/ldf-CF9-Rh-R40mppkzmftxapa-He-To.jpg','POSTER_MOVIE',62),(76,'admin1@gmail.com',NULL,NULL,'2023-12-21 19:26:08.498601','DELETED','https://i.ibb.co/4WHpm67/kt-HEdqm-MWC1wdf-PRMRCTZe2-OISL.jpg','BACKDROP_MOVIE',63),(77,NULL,'admin1@gmail.com','2023-12-21 19:26:12.924848',NULL,'DELETED','https://i.ibb.co/tb8vV49/f5f3-TEVst1n-HHyqgn7-Z3tlwn-BIH.jpg','BACKDROP_MOVIE',63),(78,NULL,'admin1@gmail.com','2023-12-21 19:26:22.521603',NULL,'ENABLE','https://i.ibb.co/4WHpm67/kt-HEdqm-MWC1wdf-PRMRCTZe2-OISL.jpg','BACKDROP_MOVIE',63),(79,'admin1@gmail.com',NULL,NULL,'2023-12-21 19:26:27.888542','ENABLE','https://i.ibb.co/tb8vV49/f5f3-TEVst1n-HHyqgn7-Z3tlwn-BIH.jpg','POSTER_MOVIE',63),(80,'admin1@gmail.com',NULL,NULL,'2023-12-22 07:40:58.888391','ENABLE','https://i.ibb.co/RGF62nY/j-XJx-Mc-Vo-Eu-Xzym3v-Fnjq-DW4ifo6.jpg','BACKDROP_MOVIE',75),(81,'admin1@gmail.com',NULL,NULL,'2023-12-22 07:41:05.836043','ENABLE','https://i.ibb.co/7GgGBjB/8x-V47-NDrjd-ZDpk-Vc-CFqkd-Ha3-T0-C.jpg','POSTER_MOVIE',75),(82,'admin1@gmail.com',NULL,NULL,'2023-12-22 07:44:28.183283','ENABLE','https://i.ibb.co/SvSWZR2/b-WIIWhnao-Wx3-FTVXv6-Gk-YDv3dj-L.jpg','BACKDROP_MOVIE',76),(83,'admin1@gmail.com',NULL,NULL,'2023-12-22 07:44:32.406806','ENABLE','https://i.ibb.co/0JJzXch/hkxx-MIGai-CTmr-EAr-K7-J56-JTKUl-B.jpg','POSTER_MOVIE',76),(84,'admin1@gmail.com',NULL,NULL,'2023-12-22 07:47:57.150911','ENABLE','https://i.ibb.co/mqwrYqq/ly-Hmho-Rj3z-XSde-CYbs2o-OXLCF4-K.jpg','BACKDROP_MOVIE',77),(85,'admin1@gmail.com',NULL,NULL,'2023-12-22 07:48:02.112387','ENABLE','https://i.ibb.co/tQqjdzb/ee-Jjd9-JU2-Mdj9d7n-WRFLWlrc-Exi.jpg','POSTER_MOVIE',77),(86,'admin1@gmail.com',NULL,NULL,'2023-12-22 07:51:03.854937','ENABLE','https://i.ibb.co/PNVjhqq/y-Om993ls-Jy-Pm-Bodl-Yjgp-Pw-Bj-XP9.jpg','BACKDROP_MOVIE',78),(87,'admin1@gmail.com',NULL,NULL,'2023-12-22 07:51:08.017208','ENABLE','https://i.ibb.co/RyqZVtP/qhb1q-Oilapbapx-WQn9jt-RCMw-XJF.jpg','POSTER_MOVIE',78),(88,'admin1@gmail.com',NULL,NULL,'2023-12-22 07:53:35.535471','ENABLE','https://i.ibb.co/fCNTW7P/z-IYROrk-HJPYB3-VTi-W1-L9-QVga-QO.jpg','BACKDROP_MOVIE',79),(89,'admin1@gmail.com',NULL,NULL,'2023-12-22 07:53:36.262024','ENABLE','https://i.ibb.co/5BntNFL/7-Bd4-EUOq-QDKZXA6-Od5gkfz-RNb0.jpg','POSTER_MOVIE',79),(90,'admin1@gmail.com',NULL,NULL,'2023-12-22 07:56:32.435556','ENABLE','https://i.ibb.co/Zgkj71N/t5z-CBSB5x-MDKc-Dqe91qah-COUYVV.jpg','BACKDROP_MOVIE',80),(91,'admin1@gmail.com',NULL,NULL,'2023-12-22 07:56:37.203465','ENABLE','https://i.ibb.co/zVw5N5d/7-Bp-Nt-Nfxuoc-YEVREz-VMO75hso1l.jpg','POSTER_MOVIE',80),(92,'admin1@gmail.com',NULL,NULL,'2023-12-22 07:59:10.196881','ENABLE','https://i.ibb.co/tXHGK5S/k1-Krba-CMACQiq7-EA0-Yhw3bdz-Mv7.jpg','BACKDROP_MOVIE',81),(93,'admin1@gmail.com',NULL,NULL,'2023-12-22 07:59:12.060084','DELETED','https://i.ibb.co/zVw5N5d/7-Bp-Nt-Nfxuoc-YEVREz-VMO75hso1l.jpg','POSTER_MOVIE',81),(94,NULL,'admin1@gmail.com','2023-12-22 07:59:34.756472',NULL,'ENABLE','https://i.ibb.co/KmSwK2F/bkp-PTZUdq31-UGDovmszsg2-Cchi-I.jpg','POSTER_MOVIE',81),(95,'admin1@gmail.com',NULL,NULL,'2023-12-22 08:02:15.802924','ENABLE','https://i.ibb.co/fdJTPcK/9j-Poyxji-EYPyl-UIMI3-Ntixf8z3-M.jpg','BACKDROP_MOVIE',82),(96,'admin1@gmail.com',NULL,NULL,'2023-12-22 08:02:20.194444','ENABLE','https://i.ibb.co/rMVqYgd/ex-Nt-EY8-QUu-Qh9e23w-SQjk-Px-KIU3.jpg','POSTER_MOVIE',82),(97,'admin1@gmail.com',NULL,NULL,'2023-12-22 08:06:27.055154','ENABLE','https://i.ibb.co/svLyfm2/gg4z-Zo-Tgg-Zmp-AQ32q-Ir-P5dtnk-EZ.jpg','BACKDROP_MOVIE',83),(98,'admin1@gmail.com',NULL,NULL,'2023-12-22 08:06:30.872086','ENABLE','https://i.ibb.co/M5XXwjK/tlcuhd-NMKNGEVp-Gq-BZr-Aa-OOf1-A6.jpg','POSTER_MOVIE',83),(99,'admin1@gmail.com',NULL,NULL,'2023-12-22 08:09:46.552167','ENABLE','https://i.ibb.co/BPThqfT/Aucuq-Da-UW4z1o-T5-Xy-L71qw-RY2-F6.jpg','BACKDROP_MOVIE',84),(100,'admin1@gmail.com',NULL,NULL,'2023-12-22 08:09:51.232679','ENABLE','https://i.ibb.co/c21MnXX/9-DPG1gx-Lw-V2oy-Fd-Hq3-Sn-ISs-Wbse.jpg','POSTER_MOVIE',84),(101,'admin1@gmail.com',NULL,NULL,'2023-12-22 08:12:44.699980','ENABLE','https://i.ibb.co/yXf20xp/14-Qbnyg-Cu-TO0vl7-CAFm-Pf1fg-Zf-V.jpg','BACKDROP_MOVIE',85),(102,'admin1@gmail.com',NULL,NULL,'2023-12-22 08:12:47.406607','ENABLE','https://i.ibb.co/BL4BcZr/5we-Ku49pz-JCt06-OPpjv-T80efn-Qj.jpg','POSTER_MOVIE',85),(103,'admin1@gmail.com',NULL,NULL,'2023-12-22 08:36:40.587254','ENABLE','https://i.ibb.co/9HF3yzB/r9o-Tas-GQofvk-QY5vl-UXglne-F64-Z.jpg','BACKDROP_MOVIE',86),(104,'admin1@gmail.com',NULL,NULL,'2023-12-22 08:36:42.630315','ENABLE','https://i.ibb.co/ckrvbJN/j-LLtx3n-TRSLGPAKl4-Ro-Iv1-Fb-EBr.jpg','POSTER_MOVIE',86),(105,'admin1@gmail.com',NULL,NULL,'2023-12-22 08:39:16.094266','ENABLE','https://i.ibb.co/pWs7yhK/wur-Jckmx-Izn2-Gr-Jc-PDu-NFFy1g-Wx.jpg','BACKDROP_MOVIE',87),(106,'admin1@gmail.com',NULL,NULL,'2023-12-22 08:39:21.307631','ENABLE','https://i.ibb.co/7NNKYmJ/sp0f-ISNTyztt-Kf-E0-PB4-Ob-G5-ZRz-C.jpg','POSTER_MOVIE',87);
/*!40000 ALTER TABLE `Photo` ENABLE KEYS */;
UNLOCK TABLES;

--
-- Table structure for table `Promotion`
--

DROP TABLE IF EXISTS `Promotion`;
/*!40101 SET @saved_cs_client     = @@character_set_client */;
/*!50503 SET character_set_client = utf8mb4 */;
CREATE TABLE `Promotion` (
  `Id` bigint NOT NULL AUTO_INCREMENT,
  `CreatedBy` longtext COLLATE utf8mb4_unicode_ci,
  `UpdatedBy` longtext COLLATE utf8mb4_unicode_ci,
  `Updated` datetime(6) DEFAULT NULL,
  `Created` datetime(6) DEFAULT NULL,
  `Status` longtext COLLATE utf8mb4_unicode_ci,
  `Description` longtext COLLATE utf8mb4_unicode_ci,
  `DiscountValue` decimal(65,30) DEFAULT NULL,
  `DiscountUnit` longtext COLLATE utf8mb4_unicode_ci,
  `AvailableFrom` datetime(6) DEFAULT NULL,
  `AvailableTo` datetime(6) DEFAULT NULL,
  `SpendPrice` decimal(65,30) DEFAULT NULL,
  PRIMARY KEY (`Id`)
) ENGINE=InnoDB AUTO_INCREMENT=17 DEFAULT CHARSET=utf8mb4 COLLATE=utf8mb4_unicode_ci;
/*!40101 SET character_set_client = @saved_cs_client */;

--
-- Dumping data for table `Promotion`
--

LOCK TABLES `Promotion` WRITE;
/*!40000 ALTER TABLE `Promotion` DISABLE KEYS */;
INSERT INTO `Promotion` VALUES (1,'ngoc@gmail.com',NULL,NULL,'2023-10-25 01:47:43.287228','ENABLE','Giảm giá tháng 10 và 11',10.000000000000000000000000000000,'PERCENT','2023-10-01 08:00:00.000000','2023-11-29 08:00:00.000000',0.000000000000000000000000000000),(2,NULL,'ngoc@gmail.com','2023-12-07 21:51:24.842149',NULL,NULL,'giảm giá',12.000000000000000000000000000000,'PERCENT','2023-12-09 04:18:53.819000','2023-12-10 04:18:55.759000',0.000000000000000000000000000000),(3,'ngoc@gmail.com','ngoc@gmail.com','2023-12-07 21:53:16.214537','2023-12-07 11:25:36.803223','DELETED',NULL,0.000000000000000000000000000000,NULL,'2023-12-08 04:25:33.493000','2023-12-02 04:25:35.386000',0.000000000000000000000000000000),(4,'ngoc@gmail.com','ngoc@gmail.com','2023-12-07 21:53:14.528594','2023-12-07 11:27:00.030425','DELETED',NULL,0.000000000000000000000000000000,NULL,'2023-12-08 04:26:28.936000','2023-12-16 04:26:30.911000',0.000000000000000000000000000000),(5,'ngoc@gmail.com',NULL,NULL,'2023-12-07 11:28:23.555547','ENABLE','mã giáng sinh 1',123123.000000000000000000000000000000,'MONEY','2023-12-19 04:28:20.494000','2023-12-30 04:28:22.089000',0.000000000000000000000000000000),(6,'ngoc@gmail.com',NULL,NULL,'2023-12-07 11:29:52.102168','ENABLE','mã giáng sinh 11',12.000000000000000000000000000000,'PERCENT','2023-12-07 04:29:37.360000','2023-12-09 04:29:39.373000',0.000000000000000000000000000000),(7,NULL,'ngoc@gmail.com','2023-12-07 21:08:02.753103',NULL,NULL,'giảm giá',100000.000000000000000000000000000000,'MONEY','2023-12-09 04:18:53.819000','2023-12-10 04:18:55.759000',0.000000000000000000000000000000),(8,NULL,'ngoc@gmail.com','2023-12-07 21:09:57.236602',NULL,NULL,'giảm giá',0.000000000000000000000000000000,'PERCENT','2023-12-09 04:18:53.819000','2023-12-10 04:18:55.759000',0.000000000000000000000000000000),(9,NULL,'ngoc@gmail.com','2023-12-07 21:10:51.752460',NULL,NULL,'giảm giá',10000.000000000000000000000000000000,'MONEY','2023-12-09 04:18:53.819000','2023-12-10 04:18:55.759000',0.000000000000000000000000000000),(10,NULL,'ngoc@gmail.com','2023-12-07 21:11:59.217715',NULL,NULL,'10 lần',0.000000000000000000000000000000,'PERCENT','2023-12-09 04:18:53.819000','2023-12-10 04:18:55.759000',0.000000000000000000000000000000),(11,NULL,'ngoc@gmail.com','2023-12-07 21:41:59.076826',NULL,NULL,'giảm giá',12.000000000000000000000000000000,'PERCENT','2023-12-09 04:18:53.819000','2023-12-10 04:18:55.759000',0.000000000000000000000000000000),(12,NULL,'ngoc@gmail.com','2023-12-07 21:42:18.354263',NULL,NULL,'giảm giá',13.000000000000000000000000000000,'PERCENT','2023-12-09 04:18:53.819000','2023-12-10 04:18:55.759000',0.000000000000000000000000000000),(13,NULL,'ngoc@gmail.com','2023-12-07 21:44:22.688189',NULL,NULL,'giảm giá',12.000000000000000000000000000000,'PERCENT','2023-12-09 04:18:53.819000','2023-12-10 04:18:55.759000',0.000000000000000000000000000000),(14,NULL,'ngoc@gmail.com','2023-12-07 21:44:30.991146',NULL,NULL,'giảm giá',12.000000000000000000000000000000,'PERCENT','2023-12-09 04:18:53.819000','2023-12-10 04:18:55.759000',0.000000000000000000000000000000),(15,NULL,'ngoc@gmail.com','2023-12-07 21:45:01.506684',NULL,NULL,'giảm giá',12.000000000000000000000000000000,'PERCENT','2023-12-09 04:18:53.819000','2023-12-10 04:18:55.759000',0.000000000000000000000000000000),(16,'ngoc@gmail.com',NULL,NULL,'2023-12-21 09:47:12.515125','ENABLE','giảm giá',10.000000000000000000000000000000,'PERCENT','2023-12-22 02:41:24.323000','2023-12-31 02:41:26.903000',1000000.000000000000000000000000000000);
/*!40000 ALTER TABLE `Promotion` ENABLE KEYS */;
UNLOCK TABLES;

--
-- Table structure for table `Rate`
--

DROP TABLE IF EXISTS `Rate`;
/*!40101 SET @saved_cs_client     = @@character_set_client */;
/*!50503 SET character_set_client = utf8mb4 */;
CREATE TABLE `Rate` (
  `Id` bigint NOT NULL AUTO_INCREMENT,
  `CreatedBy` longtext COLLATE utf8mb4_unicode_ci,
  `UpdatedBy` longtext COLLATE utf8mb4_unicode_ci,
  `Updated` datetime(6) DEFAULT NULL,
  `Created` datetime(6) DEFAULT NULL,
  `Status` longtext COLLATE utf8mb4_unicode_ci,
  `Rating` decimal(65,30) NOT NULL,
  `Note` longtext COLLATE utf8mb4_unicode_ci,
  `MovieId` bigint NOT NULL,
  `CustomerId` bigint NOT NULL,
  PRIMARY KEY (`Id`)
) ENGINE=InnoDB DEFAULT CHARSET=utf8mb4 COLLATE=utf8mb4_unicode_ci;
/*!40101 SET character_set_client = @saved_cs_client */;

--
-- Dumping data for table `Rate`
--

LOCK TABLES `Rate` WRITE;
/*!40000 ALTER TABLE `Rate` DISABLE KEYS */;
/*!40000 ALTER TABLE `Rate` ENABLE KEYS */;
UNLOCK TABLES;

--
-- Table structure for table `Room`
--

DROP TABLE IF EXISTS `Room`;
/*!40101 SET @saved_cs_client     = @@character_set_client */;
/*!50503 SET character_set_client = utf8mb4 */;
CREATE TABLE `Room` (
  `Id` bigint NOT NULL AUTO_INCREMENT,
  `CreatedBy` longtext COLLATE utf8mb4_unicode_ci,
  `UpdatedBy` longtext COLLATE utf8mb4_unicode_ci,
  `Updated` datetime(6) DEFAULT NULL,
  `Created` datetime(6) DEFAULT NULL,
  `Status` longtext COLLATE utf8mb4_unicode_ci,
  `Name` longtext COLLATE utf8mb4_unicode_ci,
  PRIMARY KEY (`Id`)
) ENGINE=InnoDB AUTO_INCREMENT=12 DEFAULT CHARSET=utf8mb4 COLLATE=utf8mb4_unicode_ci;
/*!40101 SET character_set_client = @saved_cs_client */;

--
-- Dumping data for table `Room`
--

LOCK TABLES `Room` WRITE;
/*!40000 ALTER TABLE `Room` DISABLE KEYS */;
INSERT INTO `Room` VALUES (1,NULL,'admin1@gmail.com','2023-12-21 18:09:17.854163',NULL,NULL,'Rạp A'),(2,'ngoc@gmail.com','admin1@gmail.com','2023-12-21 18:10:14.472122','2023-10-19 04:55:09.470171','DELETED','Rạp 2'),(3,NULL,'admin1@gmail.com','2023-12-21 18:07:38.917887',NULL,'DELETED','Rạp A'),(4,NULL,'admin1@gmail.com','2023-12-21 18:07:54.880451',NULL,'DELETED','Rạp A'),(5,NULL,'admin1@gmail.com','2023-12-21 18:10:48.267843',NULL,'DELETED','Rạp B'),(6,NULL,'admin1@gmail.com','2023-12-21 18:10:48.267843',NULL,'DELETED','Rạp C'),(7,'admin1@gmail.com',NULL,NULL,'2023-12-21 18:11:05.651388','ENABLE','Rạp B'),(8,'admin1@gmail.com','admin1@gmail.com','2023-12-22 00:42:00.661812','2023-12-21 18:11:09.647049','DELETED','Rạp C'),(9,'admin1@gmail.com','admin1@gmail.com','2023-12-22 00:41:59.800085','2023-12-21 18:11:12.453939','DELETED','Rạp D'),(10,'admin1@gmail.com','admin1@gmail.com','2023-12-22 00:41:59.315534','2023-12-21 18:11:15.204176','DELETED','Rạp E'),(11,'admin1@gmail.com','admin1@gmail.com','2023-12-22 00:41:58.533975','2023-12-21 18:11:20.449661','DELETED','Rạp F');
/*!40000 ALTER TABLE `Room` ENABLE KEYS */;
UNLOCK TABLES;

--
-- Table structure for table `User`
--

DROP TABLE IF EXISTS `User`;
/*!40101 SET @saved_cs_client     = @@character_set_client */;
/*!50503 SET character_set_client = utf8mb4 */;
CREATE TABLE `User` (
  `Id` bigint NOT NULL AUTO_INCREMENT,
  `CreatedBy` longtext COLLATE utf8mb4_unicode_ci,
  `Email` longtext COLLATE utf8mb4_unicode_ci,
  `Name` longtext COLLATE utf8mb4_unicode_ci,
  `PasswordHash` longtext COLLATE utf8mb4_unicode_ci,
  `PhotoId` bigint DEFAULT NULL,
  `IsAdmin` bit(1) NOT NULL,
  `Mobile` longtext COLLATE utf8mb4_unicode_ci,
  `Created` datetime(6) DEFAULT NULL,
  `Status` varchar(255) COLLATE utf8mb4_unicode_ci DEFAULT 'ENABLE',
  `Updated` datetime(6) DEFAULT NULL,
  `UpdatedBy` varchar(255) COLLATE utf8mb4_unicode_ci DEFAULT NULL,
  PRIMARY KEY (`Id`)
) ENGINE=InnoDB AUTO_INCREMENT=3 DEFAULT CHARSET=utf8mb4 COLLATE=utf8mb4_unicode_ci;
/*!40101 SET character_set_client = @saved_cs_client */;

--
-- Dumping data for table `User`
--

LOCK TABLES `User` WRITE;
/*!40000 ALTER TABLE `User` DISABLE KEYS */;
INSERT INTO `User` VALUES (1,'','admin1@gmail.com','Ngọc Nguyễn','$2a$10$2KUreGZyeyFCWnhq0dwa8OX5xLpOMQJlE40Vmjrqdi75QhmJJVRP6',NULL,_binary '','0815115415',NULL,'ENABLE',NULL,NULL),(2,'','admin@gmail.com','admin','$2a$10$BwCJvu7SeI1mYGa6JOwgHODlF.h.jU140V3F0OWkmKQFCv75347Ym',NULL,_binary '\0','0988888881',NULL,'ENABLE',NULL,NULL);
/*!40000 ALTER TABLE `User` ENABLE KEYS */;
UNLOCK TABLES;

--
-- Table structure for table `Video`
--

DROP TABLE IF EXISTS `Video`;
/*!40101 SET @saved_cs_client     = @@character_set_client */;
/*!50503 SET character_set_client = utf8mb4 */;
CREATE TABLE `Video` (
  `Id` bigint NOT NULL AUTO_INCREMENT,
  `CreatedBy` longtext COLLATE utf8mb4_unicode_ci,
  `UpdatedBy` longtext COLLATE utf8mb4_unicode_ci,
  `Updated` datetime(6) DEFAULT NULL,
  `Created` datetime(6) DEFAULT NULL,
  `Status` longtext COLLATE utf8mb4_unicode_ci,
  `url` longtext COLLATE utf8mb4_unicode_ci,
  `Type` longtext COLLATE utf8mb4_unicode_ci,
  `ObjectId` bigint DEFAULT NULL,
  `Name` longtext COLLATE utf8mb4_unicode_ci NOT NULL,
  PRIMARY KEY (`Id`)
) ENGINE=InnoDB AUTO_INCREMENT=47 DEFAULT CHARSET=utf8mb4 COLLATE=utf8mb4_unicode_ci;
/*!40101 SET character_set_client = @saved_cs_client */;

--
-- Dumping data for table `Video`
--

LOCK TABLES `Video` WRITE;
/*!40000 ALTER TABLE `Video` DISABLE KEYS */;
INSERT INTO `Video` VALUES (8,'ngoc@gmail.com',NULL,NULL,'2023-12-21 17:53:43.066209','ENABLE','UGc5Tzz19UY?si=6eYJ100duSzQqgvq','MOVIE',59,'Teaser Trailer'),(9,'admin1@gmail.com',NULL,NULL,'2023-12-21 19:14:06.776721','ENABLE','qZ40Z62tcXM?si=3KdbkYx0HAQDGzzI','MOVIE',60,'Teaser Trailer'),(10,'admin1@gmail.com',NULL,NULL,'2023-12-21 19:18:10.614677','ENABLE','r7DqccP1Q_4?si=0ApD4kS8JXN3dQWE','MOVIE',61,'Teaser Trailer'),(11,'admin1@gmail.com',NULL,NULL,'2023-12-21 19:21:23.821719','ENABLE','cQfo0HJhCnE?si=wEv62g5Mi8uczNut','MOVIE',62,'Teaser Trailer'),(12,'admin1@gmail.com',NULL,NULL,'2023-12-21 19:25:13.822630','ENABLE','KbU50SdL8zA?si=I9yHnFoLluQ0xFpu','MOVIE',63,'Teaser Trailer'),(13,'admin1@gmail.com',NULL,NULL,'2023-12-22 00:19:08.505003','ENABLE','Tgv1U_S2Wls?si=u1mnAjhTDuP60MzI','MOVIE',64,'Teaser Trailer'),(14,'admin1@gmail.com',NULL,NULL,'2023-12-22 00:58:30.031902','ENABLE','Tgv1U_S2Wls?si=u1mnAjhTDuP60MzI','MOVIE',65,'Teaser Trailer'),(15,'admin1@gmail.com',NULL,NULL,'2023-12-22 01:06:24.901123','ENABLE','Tgv1U_S2Wls?si=u1mnAjhTDuP60MzI','MOVIE',66,'Teaser Trailer'),(16,'admin1@gmail.com',NULL,NULL,'2023-12-22 01:41:45.606478','ENABLE','Tgv1U_S2Wls?si=u1mnAjhTDuP60MzI','MOVIE',67,'Teaser Trailer'),(17,'admin1@gmail.com',NULL,NULL,'2023-12-22 01:51:04.500744','ENABLE','Tgv1U_S2Wls?si=u1mnAjhTDuP60MzI','MOVIE',68,'Teaser Trailer'),(18,'admin1@gmail.com',NULL,NULL,'2023-12-22 01:53:33.862669','ENABLE','Tgv1U_S2Wls?si=u1mnAjhTDuP60MzI','MOVIE',69,'Teaser Trailer'),(19,'admin1@gmail.com',NULL,NULL,'2023-12-22 03:24:48.723159','ENABLE','Tgv1U_S2Wls?si=u1mnAjhTDuP60MzI','MOVIE',70,'Teaser Trailer'),(20,'admin1@gmail.com',NULL,NULL,'2023-12-22 04:31:16.810006','ENABLE','Tgv1U_S2Wls?si=u1mnAjhTDuP60MzI','MOVIE',71,'Teaser Trailer'),(21,'admin1@gmail.com',NULL,NULL,'2023-12-22 04:35:42.785205','ENABLE','Tgv1U_S2Wls?si=u1mnAjhTDuP60MzI','MOVIE',72,'Teaser Trailer'),(22,'admin1@gmail.com',NULL,NULL,'2023-12-22 06:36:01.057047','ENABLE','Tgv1U_S2Wls?si=u1mnAjhTDuP60MzI','MOVIE',73,'Teaser Trailer'),(23,'admin1@gmail.com',NULL,NULL,'2023-12-22 06:43:15.882052','ENABLE','Tgv1U_S2Wls?si=u1mnAjhTDuP60MzI','MOVIE',74,'Teaser Trailer'),(24,'admin1@gmail.com',NULL,NULL,'2023-12-22 07:40:36.017564','ENABLE','UGc5Tzz19UY?si=t2T-okdPGbghcpk3','MOVIE',75,'Teaser Trailer'),(25,'admin1@gmail.com',NULL,NULL,'2023-12-22 07:43:30.566299','ENABLE','r7DqccP1Q_4?si=2e-XNLvS3xbbC-P9','MOVIE',76,'Teaser Trailer'),(26,'admin1@gmail.com',NULL,NULL,'2023-12-22 07:47:12.925341','ENABLE','WZ1je_JJTv8?si=m1u3VXRpJ52K7vNG','MOVIE',77,'Teaser Trailer'),(27,'admin1@gmail.com',NULL,NULL,'2023-12-22 07:47:12.925342','ENABLE','EypGiUsEKnA?si=X7eOoW4utZTgsRTI','MOVIE',77,'Official Trailer'),(28,'admin1@gmail.com',NULL,NULL,'2023-12-22 07:50:24.100498','ENABLE','otNh9bTjXWg?si=U5_XMu7pU4-fryTG','MOVIE',78,'Teaser Trailer'),(29,'admin1@gmail.com',NULL,NULL,'2023-12-22 07:50:24.100499','ENABLE','wYmtRhKvmVE?si=Wa9kPRhkdLyAcpYC','MOVIE',78,'Official Trailer'),(30,'admin1@gmail.com',NULL,NULL,'2023-12-22 07:52:54.216228','ENABLE','6ura9bYCDJg?si=V3UriNs3LvrynDPo','MOVIE',79,'Teaser Trailer'),(31,'admin1@gmail.com',NULL,NULL,'2023-12-22 07:52:54.216230','ENABLE','6ura9bYCDJg?si=V3UriNs3LvrynDPo','MOVIE',79,'Official Trailer'),(32,'admin1@gmail.com',NULL,NULL,'2023-12-22 07:55:36.285275','ENABLE','9fJtM5z0g7M?si=hvHhR_27PFCOLgng','MOVIE',80,'Official Trailer'),(33,'admin1@gmail.com',NULL,NULL,'2023-12-22 07:55:36.285277','ENABLE','9fJtM5z0g7M?si=hvHhR_27PFCOLgng','MOVIE',80,'Official Trailer'),(34,'admin1@gmail.com',NULL,NULL,'2023-12-22 07:58:37.375929','ENABLE','qZ40Z62tcXM?si=I93u9ypCLhDxnpLG','MOVIE',81,'Teaser Trailer'),(35,'admin1@gmail.com',NULL,NULL,'2023-12-22 07:58:37.375930','ENABLE','qZ40Z62tcXM?si=I93u9ypCLhDxnpLG','MOVIE',81,'Official Trailer'),(36,'admin1@gmail.com',NULL,NULL,'2023-12-22 08:01:37.585510','ENABLE','icfv_T5pkdI?si=I0o8uenw9dKtUd2t','MOVIE',82,'Teaser Trailer'),(37,'admin1@gmail.com',NULL,NULL,'2023-12-22 08:01:37.585511','ENABLE','icfv_T5pkdI?si=I0o8uenw9dKtUd2t','MOVIE',82,'Official Trailer'),(38,'admin1@gmail.com',NULL,NULL,'2023-12-22 08:05:31.841932','ENABLE','yBnTqn0lBDA?si=X-6CXSNRNXwBSIL1','MOVIE',83,'Teaser Trailer'),(39,'admin1@gmail.com',NULL,NULL,'2023-12-22 08:05:31.841936','ENABLE','yBnTqn0lBDA?si=X-6CXSNRNXwBSIL1','MOVIE',83,'Official Trailer'),(40,'admin1@gmail.com',NULL,NULL,'2023-12-22 08:09:03.619328','ENABLE','5I8b9AOZJTA?si=nCVYZgQd7j0MPz3g','MOVIE',84,'Teaser Trailer'),(41,'admin1@gmail.com',NULL,NULL,'2023-12-22 08:09:03.619329','ENABLE','5I8b9AOZJTA?si=nCVYZgQd7j0MPz3g','MOVIE',84,'Official Trailer'),(42,'admin1@gmail.com',NULL,NULL,'2023-12-22 08:11:59.758614','ENABLE','WgU7P6o-GkM?si=NfXjsFu488XBRtxg','MOVIE',85,'Teaser Trailer'),(43,'admin1@gmail.com',NULL,NULL,'2023-12-22 08:11:59.758616','ENABLE','WgU7P6o-GkM?si=NfXjsFu488XBRtxg','MOVIE',85,'Official Trailer'),(44,'admin1@gmail.com',NULL,NULL,'2023-12-22 08:35:27.997804','ENABLE','ns8weNznn1Y?si=Ph4a7d8dsaIujRdx','MOVIE',86,'Teaser Trailer'),(45,'admin1@gmail.com',NULL,NULL,'2023-12-22 08:35:27.997806','ENABLE','ns8weNznn1Y?si=Ph4a7d8dsaIujRdx','MOVIE',86,'Official Trailer'),(46,'admin1@gmail.com',NULL,NULL,'2023-12-22 08:38:35.896328','ENABLE','Tgv1U_S2Wls?si=u1mnAjhTDuP60MzI','MOVIE',87,'Teaser Trailer');
/*!40000 ALTER TABLE `Video` ENABLE KEYS */;
UNLOCK TABLES;
/*!40103 SET TIME_ZONE=@OLD_TIME_ZONE */;

/*!40101 SET SQL_MODE=@OLD_SQL_MODE */;
/*!40014 SET FOREIGN_KEY_CHECKS=@OLD_FOREIGN_KEY_CHECKS */;
/*!40014 SET UNIQUE_CHECKS=@OLD_UNIQUE_CHECKS */;
/*!40101 SET CHARACTER_SET_CLIENT=@OLD_CHARACTER_SET_CLIENT */;
/*!40101 SET CHARACTER_SET_RESULTS=@OLD_CHARACTER_SET_RESULTS */;
/*!40101 SET COLLATION_CONNECTION=@OLD_COLLATION_CONNECTION */;
/*!40111 SET SQL_NOTES=@OLD_SQL_NOTES */;

-- Dump completed on 2023-12-22  9:29:57
